Year,Month,Day,Hour,Demand,Price,Weekday
2017,7,1,0,705.9212204764,22.770001,0
2017,7,1,1,717.6125990182,22.95,0
2017,7,1,2,716.2526225610001,20.45,0
2017,7,1,3,557.7345631387001,19.8,0
2017,7,1,4,385.6182557148601,18.78,0
2017,7,1,5,243.39716687553,17.63,0
2017,7,1,6,169.10360824027,20.81,0
2017,7,1,7,124.290568755608,21.609999,0
2017,7,1,8,116.39299420263,22.38,0
2017,7,1,9,115.87058683134,25.72,0
2017,7,1,10,127.965818805,29.869999,0
2017,7,1,11,167.93027930964,29.82,0
2017,7,1,12,227.15817477031,64.359999,0
2017,7,1,13,206.96204473597996,39.83,0
2017,7,1,14,221.41690758766,43.39,0
2017,7,1,15,282.40791143179,32.77,0
2017,7,1,16,373.84860569513,30.72,0
2017,7,1,17,459.3745670376301,54.12,0
2017,7,1,18,557.38690855713,51.37,0
2017,7,1,19,691.4631785730301,29.450001,0
2017,7,1,20,773.17747535923,27.190001,0
2017,7,1,21,773.9089040573399,26.87,0
2017,7,1,22,820.73386946293,23.74,0
2017,7,1,23,824.23549616729,21.84,0
2017,7,2,0,824.8453967663,20.44,0
2017,7,2,1,818.2495840226001,21.09,0
2017,7,2,2,789.3646602334999,19.75,0
2017,7,2,3,604.276559514,18.200001,0
2017,7,2,4,440.3952810919,16.900001,0
2017,7,2,5,261.38186977733,15.100001,0
2017,7,2,6,178.70340531504002,16.79,0
2017,7,2,7,119.25150812544,20.54,0
2017,7,2,8,116.39299420263,21.039999,0
2017,7,2,9,115.87058683134,24.229999,0
2017,7,2,10,127.965818805,27.699999,0
2017,7,2,11,167.93027930964,31.670001,0
2017,7,2,12,227.15817477031,33.650001,0
2017,7,2,13,206.96204473597996,30.8,0
2017,7,2,14,207.04188665388,49.25,0
2017,7,2,15,301.55734635157,52.820001,0
2017,7,2,16,427.73321036863,74.72,0
2017,7,2,17,541.62359740583,82.84,0
2017,7,2,18,647.07024991413,34.16,0
2017,7,2,19,762.33089661403,33.789999,0
2017,7,2,20,836.19599855143,32.59,0
2017,7,2,21,945.43959167654,37.679999,0
2017,7,2,22,1059.2152967487302,24.41,0
2017,7,2,23,977.37017288369,23.6,0
2017,7,3,0,951.5365929635,22.859999,1
2017,7,3,1,900.7691046636002,20.83,1
2017,7,3,2,864.1510612760001,19.59,1
2017,7,3,3,663.3424635611,18.31,1
2017,7,3,4,474.2444066949999,18.6,1
2017,7,3,5,287.11266888073004,19.599999,1
2017,7,3,6,174.97588909358998,20.78,1
2017,7,3,7,119.86079708944,21.630001,1
2017,7,3,8,116.71158850721,24.379999,1
2017,7,3,9,116.49385647054,30.6,1
2017,7,3,10,128.9217137384,31.129999,1
2017,7,3,11,170.40956548034,32.07,1
2017,7,3,12,232.09582585611,73.07,1
2017,7,3,13,214.53074823398,31.79,1
2017,7,3,14,190.3613080686,36.43,1
2017,7,3,15,248.62833374909,40.57,1
2017,7,3,16,312.31218042127,60.370001,1
2017,7,3,17,411.32220747753,40.44,1
2017,7,3,18,513.63016462823,33.280001,1
2017,7,3,19,627.35909554383,30.530001,1
2017,7,3,20,756.88204344403,30.45,1
2017,7,3,21,885.5873545442398,28.200001,1
2017,7,3,22,1024.11345101323,25.55,1
2017,7,3,23,1020.02116343789,23.76,1
2017,7,4,0,997.8538312991,22.97,1
2017,7,4,1,983.7244623772,21.589999,1
2017,7,4,2,903.1301339107996,20.949999,1
2017,7,4,3,693.309272672,17.63,1
2017,7,4,4,484.3266302020001,19.27,1
2017,7,4,5,282.30697562017,19.76,1
2017,7,4,6,205.24092630636,17.64,1
2017,7,4,7,147.62788107733002,20.16,1
2017,7,4,8,116.71158850721,20.720001,1
2017,7,4,9,116.49385647054,22.26,1
2017,7,4,10,128.9217137384,25.72,1
2017,7,4,11,170.40956548034,59.949999,1
2017,7,4,12,232.09582585611,56.68,1
2017,7,4,13,214.53074823398,36.51,1
2017,7,4,14,198.231132082466,39.46,1
2017,7,4,15,275.24638152093,34.25,1
2017,7,4,16,374.1863280154301,32.59,1
2017,7,4,17,525.85155890943,40.89,1
2017,7,4,18,595.95460335923,28.11,1
2017,7,4,19,715.38777066023,26.02,1
2017,7,4,20,767.3753829150301,24.28,1
2017,7,4,21,845.22426191924,23.29,1
2017,7,4,22,937.07467230603,22.57,1
2017,7,4,23,952.00902774409,21.0,1
2017,7,5,0,920.6471143929,19.51,1
2017,7,5,1,892.2146224861999,19.96,1
2017,7,5,2,878.8422265504,17.19,1
2017,7,5,3,660.5140547202,16.09,1
2017,7,5,4,485.5789150204001,16.93,1
2017,7,5,5,333.44813817986994,18.479999,1
2017,7,5,6,203.15806572436003,21.35,1
2017,7,5,7,124.174840233596,21.35,1
2017,7,5,8,116.39299420263,23.36,1
2017,7,5,9,115.87058683134,25.87,1
2017,7,5,10,127.965818805,28.66,1
2017,7,5,11,167.93027930964,51.98,1
2017,7,5,12,227.15817477031,52.38,1
2017,7,5,13,206.96204473597996,67.58,1
2017,7,5,14,209.89480280133,41.139999,1
2017,7,5,15,303.85937809469004,33.76,1
2017,7,5,16,410.45116110003,38.9,1
2017,7,5,17,528.60675498143,35.55,1
2017,7,5,18,674.17271741873,34.62,1
2017,7,5,19,769.7595407300299,28.779999,1
2017,7,5,20,821.13363218423,29.76,1
2017,7,5,21,918.48554569254,28.89,1
2017,7,5,22,1058.5697462857302,24.96,1
2017,7,5,23,1098.47797708069,23.62,1
2017,7,6,0,1048.7512676639,21.09,1
2017,7,6,1,987.0181683682,20.71,1
2017,7,6,2,916.2680720191998,20.09,1
2017,7,6,3,702.0657533096002,19.15,1
2017,7,6,4,498.5834462795,19.369999,1
2017,7,6,5,309.01444442755,21.56,1
2017,7,6,6,211.41271872608,22.01,1
2017,7,6,7,123.304771754699,22.93,1
2017,7,6,8,116.39299420263,24.25,1
2017,7,6,9,115.87058683134,25.4,1
2017,7,6,10,127.965818805,29.790001,1
2017,7,6,11,167.93027930964,29.19,1
2017,7,6,12,227.15817477031,31.67,1
2017,7,6,13,206.96204473597996,37.03,1
2017,7,6,14,182.557745190218,58.91,1
2017,7,6,15,199.57970209126,93.48,1
2017,7,6,16,296.16740777189,34.92,1
2017,7,6,17,412.3629596947301,36.96,1
2017,7,6,18,535.40814475733,41.679999,1
2017,7,6,19,648.64819866823,36.61,1
2017,7,6,20,746.0204359078299,28.570001,1
2017,7,6,21,767.82332945114,29.99,1
2017,7,6,22,900.47559269093,24.44,1
2017,7,6,23,895.9002064160899,22.360001,1
2017,7,7,0,876.7611216846999,20.13,1
2017,7,7,1,866.818242784,20.42,1
2017,7,7,2,835.7164905576001,18.98,1
2017,7,7,3,646.3766527767999,18.489999,1
2017,7,7,4,455.1807597346,18.12,1
2017,7,7,5,292.07390389047004,20.71,1
2017,7,7,6,192.21252760098,21.45,1
2017,7,7,7,134.97548150754,22.53,1
2017,7,7,8,116.39299420263,22.809999,1
2017,7,7,9,115.87058683134,25.72,1
2017,7,7,10,127.965818805,27.37,1
2017,7,7,11,167.93027930964,44.27,1
2017,7,7,12,227.15817477031,29.55,1
2017,7,7,13,206.96204473597996,30.819999,1
2017,7,7,14,179.8540611447,30.450001,1
2017,7,7,15,179.05748191193,33.09,1
2017,7,7,16,238.80625818325,39.88,1
2017,7,7,17,300.27775589323005,42.73,1
2017,7,7,18,419.5976904101301,31.42,1
2017,7,7,19,391.52399059913,27.66,1
2017,7,7,20,470.54322304773007,26.86,1
2017,7,7,21,665.97012115234,25.56,1
2017,7,7,22,822.1249702549298,22.41,1
2017,7,7,23,865.0327360378899,19.61,1
2017,7,8,0,853.8601279788999,19.789999,0
2017,7,8,1,833.9199459539998,19.01,0
2017,7,8,2,800.6697517311001,17.92,0
2017,7,8,3,631.750150257,16.89,0
2017,7,8,4,426.4380812633001,16.48,0
2017,7,8,5,243.92669232395,16.27,0
2017,7,8,6,157.61063035586,16.42,0
2017,7,8,7,119.25150812544,18.81,0
2017,7,8,8,116.39299420263,20.949999,0
2017,7,8,9,115.87058683134,22.12,0
2017,7,8,10,127.965818805,25.35,0
2017,7,8,11,167.93027930964,26.44,0
2017,7,8,12,227.15817477031,26.86,0
2017,7,8,13,206.96204473597996,30.54,0
2017,7,8,14,179.8540611447,29.97,0
2017,7,8,15,188.871461864296,30.46,0
2017,7,8,16,312.06006519093006,58.93,0
2017,7,8,17,417.49880596893007,37.830001,0
2017,7,8,18,527.24620216833,47.29,0
2017,7,8,19,654.0501447548301,37.58,0
2017,7,8,20,715.1354705384301,24.33,0
2017,7,8,21,771.66360929454,24.47,0
2017,7,8,22,948.14312237133,22.21,0
2017,7,8,23,909.52935330869,20.49,0
2017,7,9,0,914.6494502257,20.95,0
2017,7,9,1,885.4711053988,19.67,0
2017,7,9,2,831.9533785651,18.2,0
2017,7,9,3,637.6023248566,17.64,0
2017,7,9,4,440.5211097832,15.28,0
2017,7,9,5,274.87060387273,13.84,0
2017,7,9,6,167.68921078587996,12.31,0
2017,7,9,7,119.25150812544,17.37,0
2017,7,9,8,116.39299420263,17.1,0
2017,7,9,9,115.87058683134,20.64,0
2017,7,9,10,127.965818805,20.66,0
2017,7,9,11,167.93027930964,22.09,0
2017,7,9,12,227.15817477031,23.489999,0
2017,7,9,13,206.96204473597996,25.67,0
2017,7,9,14,196.58972189135,26.53,0
2017,7,9,15,296.40702050829003,28.2,0
2017,7,9,16,420.76254828273,29.880001,0
2017,7,9,17,538.21215610483,36.03,0
2017,7,9,18,712.53222363893,30.08,0
2017,7,9,19,801.81702913123,28.48,0
2017,7,9,20,862.6321219268299,25.17,0
2017,7,9,21,1025.84661327454,24.63,0
2017,7,9,22,1080.95109387353,21.83,0
2017,7,9,23,988.8644429498898,18.46,0
2017,7,10,0,938.0622416571,16.81,1
2017,7,10,1,899.1553101829999,15.14,1
2017,7,10,2,845.3135872713998,14.37,1
2017,7,10,3,666.3354818671002,13.719999,1
2017,7,10,4,475.8396967312,14.23,1
2017,7,10,5,311.39691772021,17.02,1
2017,7,10,6,168.71436233084998,16.71,1
2017,7,10,7,116.32476725226,18.78,1
2017,7,10,8,114.83381036502,19.17,1
2017,7,10,9,112.94761816285,22.480001,1
2017,7,10,10,123.28776587091,25.01,1
2017,7,10,11,156.03356158214,25.309999,1
2017,7,10,12,203.85767197951,27.99,1
2017,7,10,13,170.81851890317998,30.39,1
2017,7,10,14,130.29086512290002,31.5,1
2017,7,10,15,132.075948057232,48.66,1
2017,7,10,16,231.37181785741,46.91,1
2017,7,10,17,346.37185467913,111.63,1
2017,7,10,18,463.3604780336301,52.61,1
2017,7,10,19,574.68817584563,34.99,1
2017,7,10,20,702.40057816593,36.41,1
2017,7,10,21,748.16069228934,29.73,1
2017,7,10,22,801.3894058096301,25.64,1
2017,7,10,23,814.74151539539,22.5,1
2017,7,11,0,757.5142915689,19.95,1
2017,7,11,1,757.4819958021,20.32,1
2017,7,11,2,753.8061201058999,19.22,1
2017,7,11,3,585.2316423771001,18.6,1
2017,7,11,4,421.9742522822,18.71,1
2017,7,11,5,277.1785170012199,20.37,1
2017,7,11,6,180.88949146166,21.31,1
2017,7,11,7,116.32476725226,23.36,1
2017,7,11,8,114.83381036502,25.6,1
2017,7,11,9,112.94761816285,26.17,1
2017,7,11,10,123.28776587091,27.14,1
2017,7,11,11,156.03356158214,29.54,1
2017,7,11,12,203.85767197951,32.7,1
2017,7,11,13,170.81851890317998,31.68,1
2017,7,11,14,130.29086512290002,38.02,1
2017,7,11,15,123.68048468243,41.51,1
2017,7,11,16,125.72922259833,40.46,1
2017,7,11,17,187.69411160261,35.560001,1
2017,7,11,18,325.33775161213,36.89,1
2017,7,11,19,488.2226544449299,31.83,1
2017,7,11,20,609.75902247773,30.28,1
2017,7,11,21,725.7980451471401,31.06,1
2017,7,11,22,852.4061690858301,26.009999,1
2017,7,11,23,864.32557261199,24.3,1
2017,7,12,0,840.1185631229,22.92,1
2017,7,12,1,842.1127422950999,20.95,1
2017,7,12,2,842.5958714651001,18.999999,1
2017,7,12,3,666.878295117,18.58,1
2017,7,12,4,529.4288236445001,19.17,1
2017,7,12,5,388.69569452454,20.95,1
2017,7,12,6,314.72586539924004,22.49,1
2017,7,12,7,254.70108165334,22.409999,1
2017,7,12,8,228.03303219328,23.289999,1
2017,7,12,9,189.41275795536995,24.91,1
2017,7,12,10,187.61109451045,26.86,1
2017,7,12,11,210.22284584622,27.8,1
2017,7,12,12,286.08466432659,28.64,1
2017,7,12,13,294.66977980803995,29.84,1
2017,7,12,14,392.3754383895,33.24,1
2017,7,12,15,568.9099184488299,33.77,1
2017,7,12,16,625.7930441551299,38.73,1
2017,7,12,17,781.0552318806301,44.1,1
2017,7,12,18,935.03739898943,39.86,1
2017,7,12,19,995.9582787174302,40.39,1
2017,7,12,20,1027.47336210013,39.7,1
2017,7,12,21,1099.07225828974,41.52,1
2017,7,12,22,1142.1610059082302,28.96,1
2017,7,12,23,1192.5104054661902,25.62,1
2017,7,13,0,1126.9129588577002,22.69,1
2017,7,13,1,1052.7258393543,22.72,1
2017,7,13,2,998.5908102569,21.53,1
2017,7,13,3,785.2567099685,20.18,1
2017,7,13,4,595.220261629,20.24,1
2017,7,13,5,411.66205190364,21.78,1
2017,7,13,6,301.14806230364,23.34,1
2017,7,13,7,236.08474129102,25.82,1
2017,7,13,8,198.81618262045995,26.92,1
2017,7,13,9,163.15212165789,29.670001,1
2017,7,13,10,150.97576415572996,32.0,1
2017,7,13,11,156.03356158214,50.56,1
2017,7,13,12,203.85767197951,38.6,1
2017,7,13,13,242.04649760936,43.39,1
2017,7,13,14,315.3471064915,54.190001,1
2017,7,13,15,534.5361781672299,38.21,1
2017,7,13,16,597.77827826453,42.68,1
2017,7,13,17,739.21924240783,37.69,1
2017,7,13,18,881.7285143234301,39.88,1
2017,7,13,19,1054.4527791194305,41.62,1
2017,7,13,20,1167.24177528753,37.04,1
2017,7,13,21,1244.53675524674,32.45,1
2017,7,13,22,1365.8055065350302,27.289999,1
2017,7,13,23,1244.9004415865902,24.38,1
2017,7,14,0,1145.5461399049002,22.84,1
2017,7,14,1,1088.5450909025,22.1,1
2017,7,14,2,985.8052541987,21.33,1
2017,7,14,3,753.7619578251,19.77,1
2017,7,14,4,581.4311459265,20.61,1
2017,7,14,5,411.51537297563993,22.05,1
2017,7,14,6,298.12719635544005,22.86,1
2017,7,14,7,234.4069777803,24.769999,1
2017,7,14,8,196.95618348468,26.309999,1
2017,7,14,9,150.92630093359,28.19,1
2017,7,14,10,144.78300302531002,33.59,1
2017,7,14,11,156.03356158214,33.890001,1
2017,7,14,12,203.85767197951,49.129999,1
2017,7,14,13,233.28691717828,38.89,1
2017,7,14,14,337.4988399693,37.64,1
2017,7,14,15,546.4529368356299,58.98,1
2017,7,14,16,654.27707917353,30.53,1
2017,7,14,17,887.4358003536302,30.6,1
2017,7,14,18,969.62100709263,33.62,1
2017,7,14,19,1083.0333490920302,27.16,1
2017,7,14,20,932.63257597813,26.910001,1
2017,7,14,21,1146.60374441914,27.12,1
2017,7,14,22,1278.28637957903,24.12,1
2017,7,14,23,1249.2301790113902,20.23,1
2017,7,15,0,1138.1789791811,21.21,0
2017,7,15,1,1033.5130590837002,21.29,0
2017,7,15,2,955.4734251767,18.77,0
2017,7,15,3,767.5293667903001,18.32,0
2017,7,15,4,577.3936789749,17.85,0
2017,7,15,5,390.66467933234,17.99,0
2017,7,15,6,292.72505151404005,16.79,0
2017,7,15,7,230.27731589578005,17.900001,0
2017,7,15,8,196.69897308908,20.82,0
2017,7,15,9,182.57450766211,22.18,0
2017,7,15,10,167.43720815396998,24.86,0
2017,7,15,11,224.70136634902,27.97,0
2017,7,15,12,261.77478900205006,29.28,0
2017,7,15,13,241.2800670936,30.27,0
2017,7,15,14,242.84037323716,29.2,0
2017,7,15,15,324.24393593343007,31.43,0
2017,7,15,16,449.1123168855301,30.89,0
2017,7,15,17,609.55552600943,61.45,0
2017,7,15,18,687.5691705574301,31.11,0
2017,7,15,19,841.6917737498302,29.93,0
2017,7,15,20,927.6350687027298,26.17,0
2017,7,15,21,991.8128748855398,26.81,0
2017,7,15,22,1121.15405763643,23.43,0
2017,7,15,23,1074.24676994319,20.01,0
2017,7,16,0,983.9729483353002,19.49,0
2017,7,16,1,914.2673013269002,20.77,0
2017,7,16,2,835.7863035651001,16.9,0
2017,7,16,3,632.9626096339,17.07,0
2017,7,16,4,449.464447785,16.81,0
2017,7,16,5,289.6246410174,11.38,0
2017,7,16,6,180.85570874508,5.54,0
2017,7,16,7,116.32476725226,16.01,0
2017,7,16,8,114.83381036502,18.950001,0
2017,7,16,9,112.94761816285,20.94,0
2017,7,16,10,123.28776587091,22.21,0
2017,7,16,11,156.03356158214,24.84,0
2017,7,16,12,203.85767197951,27.6,0
2017,7,16,13,170.81851890317998,31.66,0
2017,7,16,14,130.29086512290002,34.62,0
2017,7,16,15,131.946943240422,40.01,0
2017,7,16,16,235.98977033729,45.31,0
2017,7,16,17,371.2648969697301,61.53,0
2017,7,16,18,514.75985886173,38.13,0
2017,7,16,19,614.8442041064301,44.91,0
2017,7,16,20,756.0516577149301,28.75,0
2017,7,16,21,887.6696118761399,28.99,0
2017,7,16,22,999.52803286603,25.2,0
2017,7,16,23,955.24516972499,21.1,0
2017,7,17,0,895.7270290951001,21.64,1
2017,7,17,1,840.1210575946999,21.51,1
2017,7,17,2,745.5565145529,20.65,1
2017,7,17,3,549.0545256482001,19.38,1
2017,7,17,4,365.06009368186,19.26,1
2017,7,17,5,181.46408320739,20.28,1
2017,7,17,6,135.73892055996,20.75,1
2017,7,17,7,119.86079708944,23.53,1
2017,7,17,8,116.71158850721,25.59,1
2017,7,17,9,116.49385647054,34.02,1
2017,7,17,10,128.9217137384,40.03,1
2017,7,17,11,170.40956548034,36.32,1
2017,7,17,12,232.09582585611,57.3,1
2017,7,17,13,214.53074823398,38.08,1
2017,7,17,14,190.3613080686,51.59,1
2017,7,17,15,190.93793536243,60.93,1
2017,7,17,16,276.26413726845,52.71,1
2017,7,17,17,424.14250912703,69.55,1
2017,7,17,18,541.4765871326301,44.32,1
2017,7,17,19,686.51130063383,40.389999,1
2017,7,17,20,807.71800089103,43.9,1
2017,7,17,21,996.6604797884398,36.63,1
2017,7,17,22,1123.50146604503,25.92,1
2017,7,17,23,1117.06409359469,23.31,1
2017,7,18,0,1032.3356933919,21.69,1
2017,7,18,1,957.949683064,20.56,1
2017,7,18,2,906.8086622648,19.13,1
2017,7,18,3,696.0392800755001,18.33,1
2017,7,18,4,472.77824851890006,18.61,1
2017,7,18,5,295.47865118759,20.89,1
2017,7,18,6,198.42175559638,21.259999,1
2017,7,18,7,119.86079708944,22.7,1
2017,7,18,8,116.71158850721,25.05,1
2017,7,18,9,116.49385647054,28.25,1
2017,7,18,10,128.9217137384,29.71,1
2017,7,18,11,170.40956548034,37.56,1
2017,7,18,12,232.09582585611,35.67,1
2017,7,18,13,214.53074823398,38.670001,1
2017,7,18,14,190.3613080686,51.189999,1
2017,7,18,15,329.97366968329,93.52,1
2017,7,18,16,447.70146751303,111.41,1
2017,7,18,17,598.7144707129299,101.03,1
2017,7,18,18,755.7654659720298,67.58,1
2017,7,18,19,908.96228729263,51.48,1
2017,7,18,20,1046.3704086146302,46.09,1
2017,7,18,21,1186.39194327704,48.98,1
2017,7,18,22,1304.76427810063,30.98,1
2017,7,18,23,1242.72933715409,29.45,1
2017,7,19,0,1160.1543884015,25.57,1
2017,7,19,1,1056.097404903,23.87,1
2017,7,19,2,957.2327321101998,22.24,1
2017,7,19,3,737.9619932399,21.23,1
2017,7,19,4,527.0000588851001,21.42,1
2017,7,19,5,361.83992082157,22.4,1
2017,7,19,6,263.36309068604,24.1,1
2017,7,19,7,167.78863270570002,25.33,1
2017,7,19,8,131.184924971666,32.22,1
2017,7,19,9,115.87058683134,33.62,1
2017,7,19,10,127.965818805,36.85,1
2017,7,19,11,167.93027930964,41.369999,1
2017,7,19,12,242.11549325924005,51.81,1
2017,7,19,13,259.85954173541995,52.25,1
2017,7,19,14,329.4787618705,63.42,1
2017,7,19,15,500.41037031233,115.62,1
2017,7,19,16,692.82557045223,156.65,1
2017,7,19,17,897.5639585761301,59.21,1
2017,7,19,18,1059.3686177885302,69.51,1
2017,7,19,19,1159.03087458663,70.86,1
2017,7,19,20,1328.88533111143,59.25,1
2017,7,19,21,1397.89493337094,70.19,1
2017,7,19,22,1499.93087600053,34.32,1
2017,7,19,23,1486.26119536469,29.75,1
2017,7,20,0,1402.0344207467,26.75,1
2017,7,20,1,1286.6874736918,22.83,1
2017,7,20,2,1219.9214655676,22.160001,1
2017,7,20,3,1029.5456791892998,21.179999,1
2017,7,20,4,812.9138754047,21.0,1
2017,7,20,5,641.7500333609701,22.89,1
2017,7,20,6,548.3154001640602,24.8,1
2017,7,20,7,455.72310023514007,28.59,1
2017,7,20,8,375.32041841663,32.58,1
2017,7,20,9,339.50431239014,33.91,1
2017,7,20,10,332.87007042270005,41.48,1
2017,7,20,11,359.46565338024004,36.99,1
2017,7,20,12,413.19227241081,60.57,1
2017,7,20,13,405.47441528837993,67.81,1
2017,7,20,14,498.4942196716,64.57,1
2017,7,20,15,632.9700640547301,53.7,1
2017,7,20,16,705.5107823326299,72.6,1
2017,7,20,17,870.33928240173,86.06,1
2017,7,20,18,1012.69134131293,78.219999,1
2017,7,20,19,1076.71035509283,40.51,1
2017,7,20,20,1180.7917162656302,39.260001,1
2017,7,20,21,1300.48930835014,41.29,1
2017,7,20,22,1341.2185015039302,33.76,1
2017,7,20,23,1196.02947536029,30.08,1
2017,7,21,0,1027.1412014795,25.91,1
2017,7,21,1,948.8541916304,24.47,1
2017,7,21,2,876.1600233951999,22.89,1
2017,7,21,3,659.5152972216999,21.94,1
2017,7,21,4,454.6820861117,21.650001,1
2017,7,21,5,269.26696457499,23.55,1
2017,7,21,6,179.40365905066,24.73,1
2017,7,21,7,119.25150812544,27.54,1
2017,7,21,8,116.39299420263,30.040001,1
2017,7,21,9,115.87058683134,29.86,1
2017,7,21,10,127.965818805,34.24,1
2017,7,21,11,167.93027930964,34.44,1
2017,7,21,12,227.15817477031,35.5,1
2017,7,21,13,206.96204473597996,51.87,1
2017,7,21,14,179.8540611447,41.45,1
2017,7,21,15,240.79153177981004,48.81,1
2017,7,21,16,351.66594830083,51.440001,1
2017,7,21,17,509.70140388713,67.08,1
2017,7,21,18,632.05967450233,68.6,1
2017,7,21,19,785.3692570148299,48.15,1
2017,7,21,20,858.45646658683,55.830001,1
2017,7,21,21,953.04122021734,59.39,1
2017,7,21,22,1094.00806192433,33.74,1
2017,7,21,23,1062.55815857569,27.35,1
2017,7,22,0,993.2146535717,24.89,0
2017,7,22,1,920.1188377954,23.99,0
2017,7,22,2,853.5635674618,23.670001,0
2017,7,22,3,664.6992900355,22.469999,0
2017,7,22,4,454.497002787,21.44,0
2017,7,22,5,263.70615210801003,22.07,0
2017,7,22,6,134.81794828016,21.85,0
2017,7,22,7,119.25150812544,23.66,0
2017,7,22,8,116.39299420263,25.06,0
2017,7,22,9,115.87058683134,27.24,0
2017,7,22,10,127.965818805,28.98,0
2017,7,22,11,167.93027930964,43.400001,0
2017,7,22,12,227.15817477031,50.72,0
2017,7,22,13,206.96204473597996,34.569999,0
2017,7,22,14,179.8540611447,47.700001,0
2017,7,22,15,203.36352372656,39.5,0
2017,7,22,16,307.12569081373,41.079999,0
2017,7,22,17,430.95236832693,48.18,0
2017,7,22,18,576.01373009693,34.139999,0
2017,7,22,19,720.38882736803,31.68,0
2017,7,22,20,841.4559148308298,31.87,0
2017,7,22,21,978.46725311374,34.26,0
2017,7,22,22,1125.6138034787302,27.18,0
2017,7,22,23,1085.08514827949,25.01,0
2017,7,23,0,1024.8582434519,22.86,0
2017,7,23,1,948.6290740824,22.78,0
2017,7,23,2,904.1011558794,22.4,0
2017,7,23,3,703.1605716283,21.85,0
2017,7,23,4,511.2518530465,20.8,0
2017,7,23,5,326.39554032567,20.26,0
2017,7,23,6,215.60012889848,19.85,0
2017,7,23,7,159.12618455103998,21.61,0
2017,7,23,8,123.75253811357598,23.79,0
2017,7,23,9,115.87058683134,24.74,0
2017,7,23,10,127.965818805,27.92,0
2017,7,23,11,167.93027930964,31.3,0
2017,7,23,12,227.15817477031,33.97,0
2017,7,23,13,206.96204473597996,30.4,0
2017,7,23,14,218.53520362281,34.649999,0
2017,7,23,15,376.6095007909301,36.360001,0
2017,7,23,16,502.86078718763,52.53,0
2017,7,23,17,686.2613277603299,29.400001,0
2017,7,23,18,850.7063063797302,31.680001,0
2017,7,23,19,1032.7527488566302,32.14,0
2017,7,23,20,1157.75120427743,28.560001,0
2017,7,23,21,1312.33015927954,27.150001,0
2017,7,23,22,1418.3666172151302,24.37,0
2017,7,23,23,1339.51834887849,23.3,0
2017,7,24,0,1207.5389173195,22.7,1
2017,7,24,1,1165.634393978,21.51,1
2017,7,24,2,1071.6396911841998,19.44,1
2017,7,24,3,887.5690115404998,18.46,1
2017,7,24,4,660.8613939841001,19.28,1
2017,7,24,5,487.43745606347,20.85,1
2017,7,24,6,390.91872275646,23.09,1
2017,7,24,7,297.02850757484,23.37,1
2017,7,24,8,269.78535372013,23.96,1
2017,7,24,9,231.48800085372,26.28,1
2017,7,24,10,219.8170132703,26.8,1
2017,7,24,11,220.35535871398,26.819999,1
2017,7,24,12,299.04615540695005,28.07,1
2017,7,24,13,296.64094493016,29.83,1
2017,7,24,14,365.2506239862,36.62,1
2017,7,24,15,551.15176890013,37.57,1
2017,7,24,16,657.5057483724299,39.01,1
2017,7,24,17,892.65742150973,36.76,1
2017,7,24,18,1042.68563296943,29.86,1
2017,7,24,19,1134.64438829983,26.19,1
2017,7,24,20,1314.98732268203,25.28,1
2017,7,24,21,1477.00419543544,24.28,1
2017,7,24,22,1507.86051131043,22.420001,1
2017,7,24,23,1474.6999489648902,19.89,1
2017,7,25,0,1331.3609805721003,20.53,1
2017,7,25,1,1281.2120233084,20.539999,1
2017,7,25,2,1176.9662401275998,19.48,1
2017,7,25,3,942.8183300569,18.649999,1
2017,7,25,4,753.5777573293999,18.9,1
2017,7,25,5,548.18084196327,20.22,1
2017,7,25,6,428.12992026436,19.51,1
2017,7,25,7,360.45120688024,21.66,1
2017,7,25,8,333.02334667441,22.55,1
2017,7,25,9,293.19629428434,22.759999,1
2017,7,25,10,281.36936200106004,25.309999,1
2017,7,25,11,302.6144137475,27.74,1
2017,7,25,12,400.10485693301,34.999999,1
2017,7,25,13,445.96854077458,29.650001,1
2017,7,25,14,518.2898583914,50.72,1
2017,7,25,15,711.03531994523,36.269999,1
2017,7,25,16,859.13599261043,55.04,1
2017,7,25,17,1052.5062396915305,28.690001,1
2017,7,25,18,1200.6479275722302,35.98,1
2017,7,25,19,1279.07987156683,33.56,1
2017,7,25,20,1379.86696131323,27.17,1
2017,7,25,21,1485.21101684904,26.360001,1
2017,7,25,22,1530.39518156343,21.02,1
2017,7,25,23,1510.27850102669,18.96,1
2017,7,26,0,1326.1170982280998,16.4,1
2017,7,26,1,1172.8246929234,16.02,1
2017,7,26,2,1067.9680618378002,17.200001,1
2017,7,26,3,837.5820082504999,15.050001,1
2017,7,26,4,600.8348170700001,16.99,1
2017,7,26,5,415.11818444577005,19.97,1
2017,7,26,6,288.72815608074,20.35,1
2017,7,26,7,174.76291220371996,20.82,1
2017,7,26,8,131.38231410133,20.94,1
2017,7,26,9,115.87058683134,23.71,1
2017,7,26,10,127.965818805,27.03,1
2017,7,26,11,167.93027930964,31.760001,1
2017,7,26,12,227.15817477031,57.16,1
2017,7,26,13,206.96204473597996,104.48,1
2017,7,26,14,232.3535128298,35.07,1
2017,7,26,15,376.6751004439301,74.260001,1
2017,7,26,16,535.4947223126298,39.660001,1
2017,7,26,17,746.9638698269301,36.06,1
2017,7,26,18,865.1844373043298,36.65,1
2017,7,26,19,1054.73158639163,28.36,1
2017,7,26,20,1240.12018215623,37.95,1
2017,7,26,21,1348.8657731331398,48.82,1
2017,7,26,22,1442.92345586453,23.900001,1
2017,7,26,23,1358.8639392004902,23.319999,1
2017,7,27,0,1219.9763796225002,20.81,1
2017,7,27,1,1138.3560012408002,20.17,1
2017,7,27,2,1083.1254800461998,19.66,1
2017,7,27,3,870.0376402666999,18.79,1
2017,7,27,4,671.7981021526999,17.21,1
2017,7,27,5,496.7264753845701,19.509999,1
2017,7,27,6,402.37192773046,20.43,1
2017,7,27,7,333.97546797914003,21.0,1
2017,7,27,8,293.21196018283007,22.680001,1
2017,7,27,9,263.73511709482,27.86,1
2017,7,27,10,269.13459461678,157.31,1
2017,7,27,11,326.67677464398,28.43,1
2017,7,27,12,358.93431943601,28.52,1
2017,7,27,13,318.8620736597399,33.8,1
2017,7,27,14,257.47159934114,49.23,1
2017,7,27,15,251.91356644129,33.48,1
2017,7,27,16,309.8240070300101,38.22,1
2017,7,27,17,398.59894119393016,31.07,1
2017,7,27,18,398.0383157489301,30.160001,1
2017,7,27,19,395.48610772823,71.64,1
2017,7,27,20,364.45543975133006,28.72,1
2017,7,27,21,348.86438243138,28.82,1
2017,7,27,22,320.66805320003,24.450001,1
2017,7,27,23,406.38849059633,22.94,1
2017,7,28,0,414.25854192506,21.3,1
2017,7,28,1,475.939550886,21.5,1
2017,7,28,2,507.5994716345801,20.19,1
2017,7,28,3,378.15194966745,19.25,1
2017,7,28,4,257.1228492335,19.41,1
2017,7,28,5,169.73410390997,21.53,1
2017,7,28,6,134.81794828016,22.19,1
2017,7,28,7,119.25150812544,23.36,1
2017,7,28,8,116.39299420263,25.94,1
2017,7,28,9,115.87058683134,30.31,1
2017,7,28,10,127.965818805,30.29,1
2017,7,28,11,167.93027930964,30.56,1
2017,7,28,12,227.15817477031,54.4,1
2017,7,28,13,206.96204473597996,31.93,1
2017,7,28,14,179.8540611447,42.29,1
2017,7,28,15,179.05748191193,34.0,1
2017,7,28,16,182.41570754653,35.03,1
2017,7,28,17,178.99430350673,36.41,1
2017,7,28,18,174.06202760493,28.77,1
2017,7,28,19,259.0942901294299,28.18,1
2017,7,28,20,418.63782304083,26.93,1
2017,7,28,21,614.6998980241399,25.57,1
2017,7,28,22,774.8782564311301,22.11,1
2017,7,28,23,774.4107474730899,20.68,1
2017,7,29,0,757.5922948277,21.22,0
2017,7,29,1,743.3703103862998,21.28,0
2017,7,29,2,737.1928581772,20.53,0
2017,7,29,3,575.7736058514,18.63,0
2017,7,29,4,400.11124387592,19.419999,0
2017,7,29,5,251.84569482457,19.06,0
2017,7,29,6,157.8044202936,18.63,0
2017,7,29,7,119.25150812544,16.300001,0
2017,7,29,8,116.39299420263,19.860001,0
2017,7,29,9,115.87058683134,21.37,0
2017,7,29,10,127.965818805,22.58,0
2017,7,29,11,167.93027930964,22.4,0
2017,7,29,12,227.15817477031,22.76,0
2017,7,29,13,206.96204473597996,23.22,0
2017,7,29,14,179.8540611447,23.7,0
2017,7,29,15,179.05748191193,24.81,0
2017,7,29,16,182.41570754653,25.09,0
2017,7,29,17,178.99430350673,27.73,0
2017,7,29,18,174.06202760493,29.229999,0
2017,7,29,19,172.12928817973,25.440001,0
2017,7,29,20,177.87455545203,22.97,0
2017,7,29,21,203.51754619594,22.670001,0
2017,7,29,22,248.96869072952995,19.66,0
2017,7,29,23,275.24998200189003,16.89,0
2017,7,30,0,312.16528956810004,17.459999,0
2017,7,30,1,384.3543511584,19.06,0
2017,7,30,2,429.78388175,18.190001,0
2017,7,30,3,341.3960497401,14.89,0
2017,7,30,4,257.1228492335,16.39,0
2017,7,30,5,169.73410390997,16.23,0
2017,7,30,6,145.84034723668,-8.280001,0
2017,7,30,7,131.13413120949,0.370001,0
2017,7,30,8,128.44053819207,-0.329999,0
2017,7,30,9,127.38683052185,19.539999,0
2017,7,30,10,139.75910768656,19.85,0
2017,7,30,11,183.85081531027,22.23,0
2017,7,30,12,256.84645101324,27.159999,0
2017,7,30,13,227.74861635241496,33.1,0
2017,7,30,14,316.35872757974,58.460001,0
2017,7,30,15,522.2282687718999,35.68,0
2017,7,30,16,701.4588910478,71.83,0
2017,7,30,17,919.5428885457,70.57,0
2017,7,30,18,1125.1710449173,61.36,0
2017,7,30,19,1242.8441690174002,37.629999,0
2017,7,30,20,1372.1825213507004,35.750001,0
2017,7,30,21,1470.4239632053198,28.61,0
2017,7,30,22,1524.54952606828,21.72,0
2017,7,30,23,1560.4117954214298,19.81,0
2017,7,31,0,1509.4307896905,18.26,1
2017,7,31,1,1334.8686429848,18.6,1
2017,7,31,2,1220.7703477155,16.79,1
2017,7,31,3,979.8702480293,16.559999,1
2017,7,31,4,725.109957142,16.960001,1
2017,7,31,5,549.72233045468,18.6,1
2017,7,31,6,431.91848245149,19.239999,1
2017,7,31,7,333.20547216281,20.94,1
2017,7,31,8,276.5507110931,22.52,1
2017,7,31,9,233.16334547581,24.42,1
2017,7,31,10,219.80173998591,30.66,1
2017,7,31,11,252.1419521612,31.09,1
2017,7,31,12,337.53738882683007,27.52,1
2017,7,31,13,360.19408159019,33.34,1
2017,7,31,14,418.93401645638,39.52,1
2017,7,31,15,644.4503705975001,58.89,1
2017,7,31,16,813.318774701,96.78,1
2017,7,31,17,992.6106630685002,61.26,1
2017,7,31,18,1078.4835948301002,45.7,1
2017,7,31,19,1191.6272383466005,52.97,1
2017,7,31,20,1360.9409413145,45.46,1
2017,7,31,21,1492.07348982842,32.9,1
2017,7,31,22,1532.34340753718,26.86,1
2017,7,31,23,1554.6413884512297,23.930001,1
2018,7,1,0,712.8049201864901,23.96,0
2018,7,1,1,705.9212204764,22.8,0
2018,7,1,2,717.6125990182,20.79,0
2018,7,1,3,716.2526225610001,19.87,0
2018,7,1,4,557.7345631387001,19.33,0
2018,7,1,5,385.6182557148601,18.9,0
2018,7,1,6,243.39716687553,17.82,0
2018,7,1,7,169.10360824027,19.76,0
2018,7,1,8,124.290568755608,23.84,0
2018,7,1,9,116.39299420263,39.94,0
2018,7,1,10,115.87058683134,42.09,0
2018,7,1,11,127.965818805,45.77,0
2018,7,1,12,167.93027930964,35.78,0
2018,7,1,13,227.15817477031,45.41,0
2018,7,1,14,206.96204473597996,48.06,0
2018,7,1,15,221.41690758766,43.56,0
2018,7,1,16,282.40791143179,53.45,0
2018,7,1,17,373.84860569513,52.1,0
2018,7,1,18,459.3745670376301,49.46,0
2018,7,1,19,557.38690855713,44.55,0
2018,7,1,20,691.4631785730301,36.28,0
2018,7,1,21,773.17747535923,35.53,0
2018,7,1,22,773.9089040573399,28.37,0
2018,7,1,23,820.73386946293,27.72,0
2018,7,2,0,824.23549616729,28.12,1
2018,7,2,1,824.8453967663,21.92,1
2018,7,2,2,818.2495840226001,21.23,1
2018,7,2,3,789.3646602334999,20.49,1
2018,7,2,4,604.276559514,20.39,1
2018,7,2,5,440.3952810919,20.96,1
2018,7,2,6,261.38186977733,23.53,1
2018,7,2,7,178.70340531504002,26.07,1
2018,7,2,8,119.25150812544,34.18,1
2018,7,2,9,116.39299420263,78.11,1
2018,7,2,10,115.87058683134,41.33,1
2018,7,2,11,127.965818805,82.04,1
2018,7,2,12,167.93027930964,83.48,1
2018,7,2,13,227.15817477031,57.58,1
2018,7,2,14,206.96204473597996,50.23,1
2018,7,2,15,207.04188665388,41.85,1
2018,7,2,16,301.55734635157,44.76,1
2018,7,2,17,427.73321036863,41.69,1
2018,7,2,18,541.62359740583,78.2,1
2018,7,2,19,647.07024991413,56.38,1
2018,7,2,20,762.33089661403,41.93,1
2018,7,2,21,836.19599855143,32.07,1
2018,7,2,22,945.43959167654,30.79,1
2018,7,2,23,1059.2152967487302,32.51,1
2018,7,3,0,977.37017288369,29.05,1
2018,7,3,1,951.5365929635,23.39,1
2018,7,3,2,900.7691046636002,19.96,1
2018,7,3,3,864.1510612760001,20.02,1
2018,7,3,4,663.3424635611,19.91,1
2018,7,3,5,474.2444066949999,22.09,1
2018,7,3,6,287.11266888073004,25.15,1
2018,7,3,7,174.97588909358998,28.5,1
2018,7,3,8,119.86079708944,30.77,1
2018,7,3,9,116.71158850721,44.15,1
2018,7,3,10,116.49385647054,53.39,1
2018,7,3,11,128.9217137384,60.24,1
2018,7,3,12,170.40956548034,102.53,1
2018,7,3,13,232.09582585611,68.63,1
2018,7,3,14,214.53074823398,63.87,1
2018,7,3,15,190.3613080686,44.28,1
2018,7,3,16,248.62833374909,50.7,1
2018,7,3,17,312.31218042127,49.15,1
2018,7,3,18,411.32220747753,37.79,1
2018,7,3,19,513.63016462823,49.5,1
2018,7,3,20,627.35909554383,31.22,1
2018,7,3,21,756.88204344403,40.39,1
2018,7,3,22,885.5873545442398,27.31,1
2018,7,3,23,1024.11345101323,26.45,1
2018,7,4,0,1020.02116343789,26.21,1
2018,7,4,1,997.8538312991,26.31,1
2018,7,4,2,983.7244623772,23.63,1
2018,7,4,3,903.1301339107996,21.52,1
2018,7,4,4,693.309272672,21.06,1
2018,7,4,5,484.3266302020001,20.82,1
2018,7,4,6,282.30697562017,20.34,1
2018,7,4,7,205.24092630636,22.23,1
2018,7,4,8,147.62788107733002,31.91,1
2018,7,4,9,116.71158850721,35.59,1
2018,7,4,10,116.49385647054,58.93,1
2018,7,4,11,128.9217137384,72.28,1
2018,7,4,12,170.40956548034,66.18,1
2018,7,4,13,232.09582585611,43.44,1
2018,7,4,14,214.53074823398,38.83,1
2018,7,4,15,198.231132082466,38.33,1
2018,7,4,16,275.24638152093,40.57,1
2018,7,4,17,374.1863280154301,46.73,1
2018,7,4,18,525.85155890943,37.84,1
2018,7,4,19,595.95460335923,53.31,1
2018,7,4,20,715.38777066023,41.95,1
2018,7,4,21,767.3753829150301,31.88,1
2018,7,4,22,845.22426191924,28.73,1
2018,7,4,23,937.07467230603,27.39,1
2018,7,5,0,952.00902774409,22.41,1
2018,7,5,1,920.6471143929,22.48,1
2018,7,5,2,892.2146224861999,20.58,1
2018,7,5,3,878.8422265504,20.1,1
2018,7,5,4,660.5140547202,20.2,1
2018,7,5,5,485.5789150204001,22.15,1
2018,7,5,6,333.44813817986994,24.97,1
2018,7,5,7,203.15806572436003,27.13,1
2018,7,5,8,124.174840233596,39.86,1
2018,7,5,9,116.39299420263,99.62,1
2018,7,5,10,115.87058683134,37.47,1
2018,7,5,11,127.965818805,47.43,1
2018,7,5,12,167.93027930964,69.6,1
2018,7,5,13,227.15817477031,69.31,1
2018,7,5,14,206.96204473597996,46.47,1
2018,7,5,15,209.89480280133,64.27,1
2018,7,5,16,303.85937809469004,78.02,1
2018,7,5,17,410.45116110003,62.2,1
2018,7,5,18,528.60675498143,36.58,1
2018,7,5,19,674.17271741873,33.9,1
2018,7,5,20,769.7595407300299,55.03,1
2018,7,5,21,821.13363218423,65.42,1
2018,7,5,22,918.48554569254,29.26,1
2018,7,5,23,1058.5697462857302,27.46,1
2018,7,6,0,1098.47797708069,29.2,1
2018,7,6,1,1048.7512676639,26.13,1
2018,7,6,2,987.0181683682,23.82,1
2018,7,6,3,916.2680720191998,24.0,1
2018,7,6,4,702.0657533096002,23.26,1
2018,7,6,5,498.5834462795,25.68,1
2018,7,6,6,309.01444442755,24.59,1
2018,7,6,7,211.41271872608,25.16,1
2018,7,6,8,123.304771754699,26.68,1
2018,7,6,9,116.39299420263,32.49,1
2018,7,6,10,115.87058683134,27.16,1
2018,7,6,11,127.965818805,28.14,1
2018,7,6,12,167.93027930964,34.19,1
2018,7,6,13,227.15817477031,32.44,1
2018,7,6,14,206.96204473597996,36.09,1
2018,7,6,15,182.557745190218,42.63,1
2018,7,6,16,199.57970209126,38.36,1
2018,7,6,17,296.16740777189,35.79,1
2018,7,6,18,412.3629596947301,28.37,1
2018,7,6,19,535.40814475733,24.66,1
2018,7,6,20,648.64819866823,21.21,1
2018,7,6,21,746.0204359078299,22.05,1
2018,7,6,22,767.82332945114,21.35,1
2018,7,6,23,900.47559269093,18.79,1
2018,7,7,0,895.9002064160899,18.39,0
2018,7,7,1,876.7611216846999,18.24,0
2018,7,7,2,866.818242784,17.43,0
2018,7,7,3,835.7164905576001,16.69,0
2018,7,7,4,646.3766527767999,14.7,0
2018,7,7,5,455.1807597346,6.88,0
2018,7,7,6,292.07390389047004,7.43,0
2018,7,7,7,192.21252760098,11.13,0
2018,7,7,8,134.97548150754,18.85,0
2018,7,7,9,116.39299420263,18.9,0
2018,7,7,10,115.87058683134,19.82,0
2018,7,7,11,127.965818805,23.92,0
2018,7,7,12,167.93027930964,22.03,0
2018,7,7,13,227.15817477031,25.36,0
2018,7,7,14,206.96204473597996,23.61,0
2018,7,7,15,179.8540611447,25.82,0
2018,7,7,16,179.05748191193,46.36,0
2018,7,7,17,238.80625818325,35.01,0
2018,7,7,18,300.27775589323005,33.89,0
2018,7,7,19,419.5976904101301,25.43,0
2018,7,7,20,391.52399059913,21.93,0
2018,7,7,21,470.54322304773007,21.84,0
2018,7,7,22,665.97012115234,19.56,0
2018,7,7,23,822.1249702549298,18.67,0
2018,7,8,0,865.0327360378899,16.62,0
2018,7,8,1,853.8601279788999,16.03,0
2018,7,8,2,833.9199459539998,15.49,0
2018,7,8,3,800.6697517311001,8.66,0
2018,7,8,4,631.750150257,11.0,0
2018,7,8,5,426.4380812633001,9.75,0
2018,7,8,6,243.92669232395,-10.99,0
2018,7,8,7,157.61063035586,14.33,0
2018,7,8,8,119.25150812544,16.35,0
2018,7,8,9,116.39299420263,18.45,0
2018,7,8,10,115.87058683134,20.2,0
2018,7,8,11,127.965818805,21.35,0
2018,7,8,12,167.93027930964,24.63,0
2018,7,8,13,227.15817477031,27.09,0
2018,7,8,14,206.96204473597996,26.47,0
2018,7,8,15,179.8540611447,32.72,0
2018,7,8,16,188.871461864296,42.02,0
2018,7,8,17,312.06006519093006,56.96,0
2018,7,8,18,417.49880596893007,61.93,0
2018,7,8,19,527.24620216833,49.03,0
2018,7,8,20,654.0501447548301,35.5,0
2018,7,8,21,715.1354705384301,27.83,0
2018,7,8,22,771.66360929454,24.06,0
2018,7,8,23,948.14312237133,21.4,0
2018,7,9,0,909.52935330869,18.8,1
2018,7,9,1,914.6494502257,17.96,1
2018,7,9,2,885.4711053988,17.22,1
2018,7,9,3,831.9533785651,16.03,1
2018,7,9,4,637.6023248566,16.57,1
2018,7,9,5,440.5211097832,17.52,1
2018,7,9,6,274.87060387273,17.91,1
2018,7,9,7,167.68921078587996,19.05,1
2018,7,9,8,119.25150812544,21.21,1
2018,7,9,9,116.39299420263,25.24,1
2018,7,9,10,115.87058683134,47.94,1
2018,7,9,11,127.965818805,24.35,1
2018,7,9,12,167.93027930964,29.21,1
2018,7,9,13,227.15817477031,37.11,1
2018,7,9,14,206.96204473597996,45.54,1
2018,7,9,15,196.58972189135,69.17,1
2018,7,9,16,296.40702050829003,75.06,1
2018,7,9,17,420.76254828273,89.49,1
2018,7,9,18,538.21215610483,62.21,1
2018,7,9,19,712.53222363893,36.59,1
2018,7,9,20,801.81702913123,28.71,1
2018,7,9,21,862.6321219268299,29.38,1
2018,7,9,22,1025.84661327454,24.38,1
2018,7,9,23,1080.95109387353,24.86,1
2018,7,10,0,988.8644429498898,19.65,1
2018,7,10,1,938.0622416571,19.11,1
2018,7,10,2,899.1553101829999,18.31,1
2018,7,10,3,845.3135872713998,17.15,1
2018,7,10,4,666.3354818671002,17.45,1
2018,7,10,5,475.8396967312,18.7,1
2018,7,10,6,311.39691772021,19.39,1
2018,7,10,7,168.71436233084998,20.97,1
2018,7,10,8,116.32476725226,28.75,1
2018,7,10,9,114.83381036502,34.74,1
2018,7,10,10,112.94761816285,52.25,1
2018,7,10,11,123.28776587091,34.13,1
2018,7,10,12,156.03356158214,38.11,1
2018,7,10,13,203.85767197951,40.78,1
2018,7,10,14,170.81851890317998,52.84,1
2018,7,10,15,130.29086512290002,110.44,1
2018,7,10,16,132.075948057232,44.7,1
2018,7,10,17,231.37181785741,67.98,1
2018,7,10,18,346.37185467913,53.66,1
2018,7,10,19,463.3604780336301,40.78,1
2018,7,10,20,574.68817584563,39.84,1
2018,7,10,21,702.40057816593,37.24,1
2018,7,10,22,748.16069228934,29.92,1
2018,7,10,23,801.3894058096301,26.35,1
2018,7,11,0,814.74151539539,23.53,1
2018,7,11,1,757.5142915689,22.66,1
2018,7,11,2,757.4819958021,20.46,1
2018,7,11,3,753.8061201058999,19.77,1
2018,7,11,4,585.2316423771001,19.82,1
2018,7,11,5,421.9742522822,21.03,1
2018,7,11,6,277.1785170012199,24.17,1
2018,7,11,7,180.88949146166,68.48,1
2018,7,11,8,116.32476725226,26.96,1
2018,7,11,9,114.83381036502,27.26,1
2018,7,11,10,112.94761816285,31.44,1
2018,7,11,11,123.28776587091,31.05,1
2018,7,11,12,156.03356158214,34.47,1
2018,7,11,13,203.85767197951,32.35,1
2018,7,11,14,170.81851890317998,102.56,1
2018,7,11,15,130.29086512290002,55.66,1
2018,7,11,16,123.68048468243,43.9,1
2018,7,11,17,125.72922259833,49.2,1
2018,7,11,18,187.69411160261,57.3,1
2018,7,11,19,325.33775161213,30.25,1
2018,7,11,20,488.2226544449299,29.31,1
2018,7,11,21,609.75902247773,30.92,1
2018,7,11,22,725.7980451471401,26.1,1
2018,7,11,23,852.4061690858301,24.87,1
2018,7,12,0,864.32557261199,23.15,1
2018,7,12,1,840.1185631229,21.09,1
2018,7,12,2,842.1127422950999,19.65,1
2018,7,12,3,842.5958714651001,18.93,1
2018,7,12,4,666.878295117,18.75,1
2018,7,12,5,529.4288236445001,19.57,1
2018,7,12,6,388.69569452454,20.83,1
2018,7,12,7,314.72586539924004,24.12,1
2018,7,12,8,254.70108165334,25.86,1
2018,7,12,9,228.03303219328,29.12,1
2018,7,12,10,189.41275795536995,33.69,1
2018,7,12,11,187.61109451045,34.62,1
2018,7,12,12,210.22284584622,35.6,1
2018,7,12,13,286.08466432659,37.37,1
2018,7,12,14,294.66977980803995,41.02,1
2018,7,12,15,392.3754383895,39.79,1
2018,7,12,16,568.9099184488299,39.05,1
2018,7,12,17,625.7930441551299,42.66,1
2018,7,12,18,781.0552318806301,35.37,1
2018,7,12,19,935.03739898943,34.1,1
2018,7,12,20,995.9582787174302,35.62,1
2018,7,12,21,1027.47336210013,32.81,1
2018,7,12,22,1099.07225828974,29.05,1
2018,7,12,23,1142.1610059082302,25.03,1
2018,7,13,0,1192.5104054661902,21.87,1
2018,7,13,1,1126.9129588577002,20.84,1
2018,7,13,2,1052.7258393543,19.74,1
2018,7,13,3,998.5908102569,18.89,1
2018,7,13,4,785.2567099685,18.64,1
2018,7,13,5,595.220261629,19.85,1
2018,7,13,6,411.66205190364,21.07,1
2018,7,13,7,301.14806230364,23.2,1
2018,7,13,8,236.08474129102,25.42,1
2018,7,13,9,198.81618262045995,31.39,1
2018,7,13,10,163.15212165789,42.54,1
2018,7,13,11,150.97576415572996,29.53,1
2018,7,13,12,156.03356158214,37.42,1
2018,7,13,13,203.85767197951,34.72,1
2018,7,13,14,242.04649760936,41.95,1
2018,7,13,15,315.3471064915,50.88,1
2018,7,13,16,534.5361781672299,55.23,1
2018,7,13,17,597.77827826453,59.36,1
2018,7,13,18,739.21924240783,47.77,1
2018,7,13,19,881.7285143234301,33.18,1
2018,7,13,20,1054.4527791194305,33.45,1
2018,7,13,21,1167.24177528753,31.53,1
2018,7,13,22,1244.53675524674,32.31,1
2018,7,13,23,1365.8055065350302,26.52,1
2018,7,14,0,1244.9004415865902,22.67,0
2018,7,14,1,1145.5461399049002,21.52,0
2018,7,14,2,1088.5450909025,19.78,0
2018,7,14,3,985.8052541987,19.0,0
2018,7,14,4,753.7619578251,18.92,0
2018,7,14,5,581.4311459265,18.97,0
2018,7,14,6,411.51537297563993,18.55,0
2018,7,14,7,298.12719635544005,20.04,0
2018,7,14,8,234.4069777803,20.94,0
2018,7,14,9,196.95618348468,26.71,0
2018,7,14,10,150.92630093359,27.72,0
2018,7,14,11,144.78300302531002,38.96,0
2018,7,14,12,156.03356158214,26.44,0
2018,7,14,13,203.85767197951,28.8,0
2018,7,14,14,233.28691717828,35.39,0
2018,7,14,15,337.4988399693,37.1,0
2018,7,14,16,546.4529368356299,60.69,0
2018,7,14,17,654.27707917353,67.1,0
2018,7,14,18,887.4358003536302,67.17,0
2018,7,14,19,969.62100709263,42.56,0
2018,7,14,20,1083.0333490920302,36.9,0
2018,7,14,21,932.63257597813,42.95,0
2018,7,14,22,1146.60374441914,31.46,0
2018,7,14,23,1278.28637957903,24.41,0
2018,7,15,0,1249.2301790113902,25.27,0
2018,7,15,1,1138.1789791811,22.67,0
2018,7,15,2,1033.5130590837002,21.15,0
2018,7,15,3,955.4734251767,19.52,0
2018,7,15,4,767.5293667903001,18.85,0
2018,7,15,5,577.3936789749,18.24,0
2018,7,15,6,390.66467933234,18.23,0
2018,7,15,7,292.72505151404005,18.42,0
2018,7,15,8,230.27731589578005,20.06,0
2018,7,15,9,196.69897308908,24.07,0
2018,7,15,10,182.57450766211,26.67,0
2018,7,15,11,167.43720815396998,28.8,0
2018,7,15,12,224.70136634902,25.88,0
2018,7,15,13,261.77478900205006,25.94,0
2018,7,15,14,241.2800670936,28.53,0
2018,7,15,15,242.84037323716,32.0,0
2018,7,15,16,324.24393593343007,45.67,0
2018,7,15,17,449.1123168855301,34.57,0
2018,7,15,18,609.55552600943,32.54,0
2018,7,15,19,687.5691705574301,38.7,0
2018,7,15,20,841.6917737498302,32.61,0
2018,7,15,21,927.6350687027298,36.77,0
2018,7,15,22,991.8128748855398,27.98,0
2018,7,15,23,1121.15405763643,25.16,0
2018,7,16,0,1074.24676994319,22.96,1
2018,7,16,1,983.9729483353002,22.21,1
2018,7,16,2,914.2673013269002,20.24,1
2018,7,16,3,835.7863035651001,19.77,1
2018,7,16,4,632.9626096339,19.9,1
2018,7,16,5,449.464447785,22.13,1
2018,7,16,6,289.6246410174,23.58,1
2018,7,16,7,180.85570874508,25.9,1
2018,7,16,8,116.32476725226,29.06,1
2018,7,16,9,114.83381036502,39.1,1
2018,7,16,10,112.94761816285,42.29,1
2018,7,16,11,123.28776587091,36.11,1
2018,7,16,12,156.03356158214,60.96,1
2018,7,16,13,203.85767197951,42.52,1
2018,7,16,14,170.81851890317998,68.49,1
2018,7,16,15,130.29086512290002,44.16,1
2018,7,16,16,131.946943240422,46.23,1
2018,7,16,17,235.98977033729,41.59,1
2018,7,16,18,371.2648969697301,42.82,1
2018,7,16,19,514.75985886173,39.03,1
2018,7,16,20,614.8442041064301,34.58,1
2018,7,16,21,756.0516577149301,34.78,1
2018,7,16,22,887.6696118761399,33.29,1
2018,7,16,23,999.52803286603,30.53,1
2018,7,17,0,955.24516972499,24.6,1
2018,7,17,1,895.7270290951001,24.05,1
2018,7,17,2,840.1210575946999,22.33,1
2018,7,17,3,745.5565145529,20.97,1
2018,7,17,4,549.0545256482001,21.27,1
2018,7,17,5,365.06009368186,24.25,1
2018,7,17,6,181.46408320739,25.04,1
2018,7,17,7,135.73892055996,27.62,1
2018,7,17,8,119.86079708944,29.61,1
2018,7,17,9,116.71158850721,34.28,1
2018,7,17,10,116.49385647054,46.91,1
2018,7,17,11,128.9217137384,35.67,1
2018,7,17,12,170.40956548034,44.82,1
2018,7,17,13,232.09582585611,38.42,1
2018,7,17,14,214.53074823398,31.86,1
2018,7,17,15,190.3613080686,32.7,1
2018,7,17,16,190.93793536243,49.7,1
2018,7,17,17,276.26413726845,57.2,1
2018,7,17,18,424.14250912703,55.68,1
2018,7,17,19,541.4765871326301,30.8,1
2018,7,17,20,686.51130063383,29.48,1
2018,7,17,21,807.71800089103,29.28,1
2018,7,17,22,996.6604797884398,24.08,1
2018,7,17,23,1123.50146604503,21.91,1
2018,7,18,0,1117.06409359469,21.35,1
2018,7,18,1,1032.3356933919,20.72,1
2018,7,18,2,957.949683064,19.1,1
2018,7,18,3,906.8086622648,18.35,1
2018,7,18,4,696.0392800755001,18.37,1
2018,7,18,5,472.77824851890006,19.67,1
2018,7,18,6,295.47865118759,20.48,1
2018,7,18,7,198.42175559638,21.56,1
2018,7,18,8,119.86079708944,22.09,1
2018,7,18,9,116.71158850721,25.21,1
2018,7,18,10,116.49385647054,27.56,1
2018,7,18,11,128.9217137384,34.65,1
2018,7,18,12,170.40956548034,26.67,1
2018,7,18,13,232.09582585611,27.14,1
2018,7,18,14,214.53074823398,31.14,1
2018,7,18,15,190.3613080686,35.01,1
2018,7,18,16,329.97366968329,42.41,1
2018,7,18,17,447.70146751303,42.31,1
2018,7,18,18,598.7144707129299,37.96,1
2018,7,18,19,755.7654659720298,45.73,1
2018,7,18,20,908.96228729263,33.45,1
2018,7,18,21,1046.3704086146302,33.38,1
2018,7,18,22,1186.39194327704,23.48,1
2018,7,18,23,1304.76427810063,22.19,1
2018,7,19,0,1242.72933715409,20.05,1
2018,7,19,1,1160.1543884015,19.46,1
2018,7,19,2,1056.097404903,19.28,1
2018,7,19,3,957.2327321101998,18.6,1
2018,7,19,4,737.9619932399,18.66,1
2018,7,19,5,527.0000588851001,21.14,1
2018,7,19,6,361.83992082157,22.04,1
2018,7,19,7,263.36309068604,23.28,1
2018,7,19,8,167.78863270570002,23.59,1
2018,7,19,9,131.184924971666,27.07,1
2018,7,19,10,115.87058683134,28.28,1
2018,7,19,11,127.965818805,28.05,1
2018,7,19,12,167.93027930964,30.34,1
2018,7,19,13,242.11549325924005,28.86,1
2018,7,19,14,259.85954173541995,44.02,1
2018,7,19,15,329.4787618705,71.61,1
2018,7,19,16,500.41037031233,32.97,1
2018,7,19,17,692.82557045223,43.03,1
2018,7,19,18,897.5639585761301,36.45,1
2018,7,19,19,1059.3686177885302,32.45,1
2018,7,19,20,1159.03087458663,39.45,1
2018,7,19,21,1328.88533111143,40.22,1
2018,7,19,22,1397.89493337094,33.03,1
2018,7,19,23,1499.93087600053,23.42,1
2018,7,20,0,1486.26119536469,20.66,1
2018,7,20,1,1402.0344207467,20.57,1
2018,7,20,2,1286.6874736918,19.18,1
2018,7,20,3,1219.9214655676,18.52,1
2018,7,20,4,1029.5456791892998,18.86,1
2018,7,20,5,812.9138754047,20.28,1
2018,7,20,6,641.7500333609701,23.1,1
2018,7,20,7,548.3154001640602,25.51,1
2018,7,20,8,455.72310023514007,27.77,1
2018,7,20,9,375.32041841663,42.93,1
2018,7,20,10,339.50431239014,25.91,1
2018,7,20,11,332.87007042270005,31.96,1
2018,7,20,12,359.46565338024004,27.04,1
2018,7,20,13,413.19227241081,30.02,1
2018,7,20,14,405.47441528837993,32.58,1
2018,7,20,15,498.4942196716,29.37,1
2018,7,20,16,632.9700640547301,29.45,1
2018,7,20,17,705.5107823326299,29.01,1
2018,7,20,18,870.33928240173,26.9,1
2018,7,20,19,1012.69134131293,24.15,1
2018,7,20,20,1076.71035509283,24.7,1
2018,7,20,21,1180.7917162656302,25.05,1
2018,7,20,22,1300.48930835014,22.3,1
2018,7,20,23,1341.2185015039302,21.06,1
2018,7,21,0,1196.02947536029,21.88,0
2018,7,21,1,1027.1412014795,20.41,0
2018,7,21,2,948.8541916304,19.46,0
2018,7,21,3,876.1600233951999,18.35,0
2018,7,21,4,659.5152972216999,18.31,0
2018,7,21,5,454.6820861117,18.94,0
2018,7,21,6,269.26696457499,18.69,0
2018,7,21,7,179.40365905066,20.39,0
2018,7,21,8,119.25150812544,21.63,0
2018,7,21,9,116.39299420263,25.75,0
2018,7,21,10,115.87058683134,22.98,0
2018,7,21,11,127.965818805,25.41,0
2018,7,21,12,167.93027930964,24.36,0
2018,7,21,13,227.15817477031,21.88,0
2018,7,21,14,206.96204473597996,21.98,0
2018,7,21,15,179.8540611447,23.17,0
2018,7,21,16,240.79153177981004,22.95,0
2018,7,21,17,351.66594830083,27.06,0
2018,7,21,18,509.70140388713,31.04,0
2018,7,21,19,632.05967450233,23.45,0
2018,7,21,20,785.3692570148299,24.26,0
2018,7,21,21,858.45646658683,23.18,0
2018,7,21,22,953.04122021734,20.24,0
2018,7,21,23,1094.00806192433,18.84,0
2018,7,22,0,1062.55815857569,19.22,0
2018,7,22,1,993.2146535717,19.54,0
2018,7,22,2,920.1188377954,18.59,0
2018,7,22,3,853.5635674618,18.25,0
2018,7,22,4,664.6992900355,17.93,0
2018,7,22,5,454.497002787,18.05,0
2018,7,22,6,263.70615210801003,18.09,0
2018,7,22,7,134.81794828016,17.33,0
2018,7,22,8,119.25150812544,18.62,0
2018,7,22,9,116.39299420263,19.44,0
2018,7,22,10,115.87058683134,19.83,0
2018,7,22,11,127.965818805,21.61,0
2018,7,22,12,167.93027930964,26.2,0
2018,7,22,13,227.15817477031,26.43,0
2018,7,22,14,206.96204473597996,27.25,0
2018,7,22,15,179.8540611447,28.45,0
2018,7,22,16,203.36352372656,37.78,0
2018,7,22,17,307.12569081373,38.03,0
2018,7,22,18,430.95236832693,36.93,0
2018,7,22,19,576.01373009693,25.6,0
2018,7,22,20,720.38882736803,33.66,0
2018,7,22,21,841.4559148308298,36.56,0
2018,7,22,22,978.46725311374,22.97,0
2018,7,22,23,1125.6138034787302,22.75,0
2018,7,23,0,1085.08514827949,19.84,1
2018,7,23,1,1024.8582434519,19.99,1
2018,7,23,2,948.6290740824,19.37,1
2018,7,23,3,904.1011558794,19.35,1
2018,7,23,4,703.1605716283,19.62,1
2018,7,23,5,511.2518530465,20.56,1
2018,7,23,6,326.39554032567,24.01,1
2018,7,23,7,215.60012889848,22.55,1
2018,7,23,8,159.12618455103998,33.68,1
2018,7,23,9,123.75253811357598,58.8,1
2018,7,23,10,115.87058683134,86.11,1
2018,7,23,11,127.965818805,34.94,1
2018,7,23,12,167.93027930964,30.51,1
2018,7,23,13,227.15817477031,40.85,1
2018,7,23,14,206.96204473597996,40.95,1
2018,7,23,15,218.53520362281,93.73,1
2018,7,23,16,376.6095007909301,39.58,1
2018,7,23,17,502.86078718763,35.58,1
2018,7,23,18,686.2613277603299,33.29,1
2018,7,23,19,850.7063063797302,33.25,1
2018,7,23,20,1032.7527488566302,67.52,1
2018,7,23,21,1157.75120427743,31.58,1
2018,7,23,22,1312.33015927954,31.39,1
2018,7,23,23,1418.3666172151302,25.29,1
2018,7,24,0,1339.51834887849,23.68,1
2018,7,24,1,1207.5389173195,22.8,1
2018,7,24,2,1165.634393978,20.76,1
2018,7,24,3,1071.6396911841998,19.68,1
2018,7,24,4,887.5690115404998,20.31,1
2018,7,24,5,660.8613939841001,25.5,1
2018,7,24,6,487.43745606347,25.29,1
2018,7,24,7,390.91872275646,25.91,1
2018,7,24,8,297.02850757484,29.96,1
2018,7,24,9,269.78535372013,43.29,1
2018,7,24,10,231.48800085372,35.12,1
2018,7,24,11,219.8170132703,52.85,1
2018,7,24,12,220.35535871398,36.49,1
2018,7,24,13,299.04615540695005,41.99,1
2018,7,24,14,296.64094493016,40.25,1
2018,7,24,15,365.2506239862,34.53,1
2018,7,24,16,551.15176890013,69.99,1
2018,7,24,17,657.5057483724299,40.17,1
2018,7,24,18,892.65742150973,44.96,1
2018,7,24,19,1042.68563296943,38.81,1
2018,7,24,20,1134.64438829983,40.3,1
2018,7,24,21,1314.98732268203,45.08,1
2018,7,24,22,1477.00419543544,29.37,1
2018,7,24,23,1507.86051131043,26.24,1
2018,7,25,0,1474.6999489648902,22.48,1
2018,7,25,1,1331.3609805721003,21.78,1
2018,7,25,2,1281.2120233084,20.82,1
2018,7,25,3,1176.9662401275998,20.03,1
2018,7,25,4,942.8183300569,20.05,1
2018,7,25,5,753.5777573293999,22.82,1
2018,7,25,6,548.18084196327,24.13,1
2018,7,25,7,428.12992026436,26.86,1
2018,7,25,8,360.45120688024,29.66,1
2018,7,25,9,333.02334667441,42.98,1
2018,7,25,10,293.19629428434,27.73,1
2018,7,25,11,281.36936200106004,31.32,1
2018,7,25,12,302.6144137475,36.04,1
2018,7,25,13,400.10485693301,46.16,1
2018,7,25,14,445.96854077458,38.13,1
2018,7,25,15,518.2898583914,34.25,1
2018,7,25,16,711.03531994523,33.03,1
2018,7,25,17,859.13599261043,32.76,1
2018,7,25,18,1052.5062396915305,31.97,1
2018,7,25,19,1200.6479275722302,34.1,1
2018,7,25,20,1279.07987156683,33.92,1
2018,7,25,21,1379.86696131323,33.91,1
2018,7,25,22,1485.21101684904,28.56,1
2018,7,25,23,1530.39518156343,25.12,1
2018,7,26,0,1510.27850102669,22.36,1
2018,7,26,1,1326.1170982280998,21.02,1
2018,7,26,2,1172.8246929234,19.31,1
2018,7,26,3,1067.9680618378002,18.83,1
2018,7,26,4,837.5820082504999,18.76,1
2018,7,26,5,600.8348170700001,19.88,1
2018,7,26,6,415.11818444577005,20.34,1
2018,7,26,7,288.72815608074,20.88,1
2018,7,26,8,174.76291220371996,24.86,1
2018,7,26,9,131.38231410133,26.1,1
2018,7,26,10,115.87058683134,34.85,1
2018,7,26,11,127.965818805,28.61,1
2018,7,26,12,167.93027930964,30.6,1
2018,7,26,13,227.15817477031,37.15,1
2018,7,26,14,206.96204473597996,35.66,1
2018,7,26,15,232.3535128298,37.46,1
2018,7,26,16,376.6751004439301,60.72,1
2018,7,26,17,535.4947223126298,36.54,1
2018,7,26,18,746.9638698269301,35.04,1
2018,7,26,19,865.1844373043298,32.92,1
2018,7,26,20,1054.73158639163,39.44,1
2018,7,26,21,1240.12018215623,40.35,1
2018,7,26,22,1348.8657731331398,31.39,1
2018,7,26,23,1442.92345586453,23.61,1
2018,7,27,0,1358.8639392004902,20.77,1
2018,7,27,1,1219.9763796225002,19.59,1
2018,7,27,2,1138.3560012408002,19.07,1
2018,7,27,3,1083.1254800461998,18.38,1
2018,7,27,4,870.0376402666999,18.33,1
2018,7,27,5,671.7981021526999,19.73,1
2018,7,27,6,496.7264753845701,20.52,1
2018,7,27,7,402.37192773046,21.08,1
2018,7,27,8,333.97546797914003,23.14,1
2018,7,27,9,293.21196018283007,24.58,1
2018,7,27,10,263.73511709482,28.63,1
2018,7,27,11,269.13459461678,35.13,1
2018,7,27,12,326.67677464398,29.87,1
2018,7,27,13,358.93431943601,31.53,1
2018,7,27,14,318.8620736597399,31.85,1
2018,7,27,15,257.47159934114,31.37,1
2018,7,27,16,251.91356644129,32.77,1
2018,7,27,17,309.8240070300101,29.61,1
2018,7,27,18,398.59894119393016,25.12,1
2018,7,27,19,398.0383157489301,25.42,1
2018,7,27,20,395.48610772823,24.79,1
2018,7,27,21,364.45543975133006,22.5,1
2018,7,27,22,348.86438243138,22.25,1
2018,7,27,23,320.66805320003,20.86,1
2018,7,28,0,406.38849059633,20.14,0
2018,7,28,1,414.25854192506,19.76,0
2018,7,28,2,475.939550886,19.43,0
2018,7,28,3,507.5994716345801,18.51,0
2018,7,28,4,378.15194966745,18.28,0
2018,7,28,5,257.1228492335,18.7,0
2018,7,28,6,169.73410390997,19.07,0
2018,7,28,7,134.81794828016,19.72,0
2018,7,28,8,119.25150812544,21.08,0
2018,7,28,9,116.39299420263,22.1,0
2018,7,28,10,115.87058683134,26.96,0
2018,7,28,11,127.965818805,28.51,0
2018,7,28,12,167.93027930964,29.68,0
2018,7,28,13,227.15817477031,28.27,0
2018,7,28,14,206.96204473597996,37.51,0
2018,7,28,15,179.8540611447,40.42,0
2018,7,28,16,179.05748191193,35.81,0
2018,7,28,17,182.41570754653,36.24,0
2018,7,28,18,178.99430350673,44.07,0
2018,7,28,19,174.06202760493,27.25,0
2018,7,28,20,259.0942901294299,27.99,0
2018,7,28,21,418.63782304083,24.54,0
2018,7,28,22,614.6998980241399,22.47,0
2018,7,28,23,774.8782564311301,20.81,0
2018,7,29,0,774.4107474730899,20.53,0
2018,7,29,1,757.5922948277,20.16,0
2018,7,29,2,743.3703103862998,18.79,0
2018,7,29,3,737.1928581772,18.13,0
2018,7,29,4,575.7736058514,17.9,0
2018,7,29,5,400.11124387592,17.82,0
2018,7,29,6,251.84569482457,17.47,0
2018,7,29,7,157.8044202936,17.62,0
2018,7,29,8,119.25150812544,18.95,0
2018,7,29,9,116.39299420263,19.24,0
2018,7,29,10,115.87058683134,20.72,0
2018,7,29,11,127.965818805,22.56,0
2018,7,29,12,167.93027930964,23.65,0
2018,7,29,13,227.15817477031,26.89,0
2018,7,29,14,206.96204473597996,25.89,0
2018,7,29,15,179.8540611447,28.42,0
2018,7,29,16,179.05748191193,37.42,0
2018,7,29,17,182.41570754653,34.44,0
2018,7,29,18,178.99430350673,34.62,0
2018,7,29,19,174.06202760493,25.07,0
2018,7,29,20,172.12928817973,26.93,0
2018,7,29,21,177.87455545203,27.14,0
2018,7,29,22,203.51754619594,23.78,0
2018,7,29,23,248.96869072952995,21.94,0
2018,7,30,0,275.24998200189003,20.25,1
2018,7,30,1,312.16528956810004,19.94,1
2018,7,30,2,384.3543511584,18.56,1
2018,7,30,3,429.78388175,18.45,1
2018,7,30,4,341.3960497401,18.89,1
2018,7,30,5,257.1228492335,19.28,1
2018,7,30,6,169.73410390997,20.79,1
2018,7,30,7,145.84034723668,21.39,1
2018,7,30,8,131.13413120949,22.84,1
2018,7,30,9,128.44053819207,25.49,1
2018,7,30,10,127.38683052185,26.94,1
2018,7,30,11,139.75910768656,27.1,1
2018,7,30,12,183.85081531027,26.03,1
2018,7,30,13,256.84645101324,32.86,1
2018,7,30,14,227.74861635241496,37.94,1
2018,7,30,15,316.35872757974,28.82,1
2018,7,30,16,522.2282687718999,32.82,1
2018,7,30,17,701.4588910478,28.37,1
2018,7,30,18,919.5428885457,28.27,1
2018,7,30,19,1125.1710449173,25.23,1
2018,7,30,20,1242.8441690174002,28.17,1
2018,7,30,21,1372.1825213507004,24.56,1
2018,7,30,22,1470.4239632053198,22.03,1
2018,7,30,23,1524.54952606828,20.44,1
