Year,Month,Day,Hour,Demand,Tariff,Weekday
2017,7,1,0,705.9212205,22.770001,0
2017,7,1,1,717.612599,22.95,0
2017,7,1,2,716.2526226,20.45,0
2017,7,1,3,557.7345631,19.8,0
2017,7,1,4,385.6182557,18.78,0
2017,7,1,5,243.3971669,17.63,0
2017,7,1,6,169.1036082,20.81,0
2017,7,1,7,124.2905688,21.609999,0
2017,7,1,8,116.3929942,22.38,0
2017,7,1,9,115.8705868,25.72,0
2017,7,1,10,127.9658188,29.869999,0
2017,7,1,11,167.9302793,29.82,0
2017,7,1,12,227.1581748,64.359999,0
2017,7,1,13,206.9620447,39.83,0
2017,7,1,14,221.4169076,43.39,0
2017,7,1,15,282.4079114,32.77,0
2017,7,1,16,373.8486057,30.72,0
2017,7,1,17,459.374567,54.12,0
2017,7,1,18,557.3869086,51.37,0
2017,7,1,19,691.4631786,29.450001,0
2017,7,1,20,773.1774754,27.190001,0
2017,7,1,21,773.9089041,26.87,0
2017,7,1,22,820.7338695,23.74,0
2017,7,1,23,824.2354962,21.84,0
2017,7,2,0,824.8453968,20.44,0
2017,7,2,1,818.249584,21.09,0
2017,7,2,2,789.3646602,19.75,0
2017,7,2,3,604.2765595,18.200001,0
2017,7,2,4,440.3952811,16.900001,0
2017,7,2,5,261.3818698,15.100001,0
2017,7,2,6,178.7034053,16.79,0
2017,7,2,7,119.2515081,20.54,0
2017,7,2,8,116.3929942,21.039999,0
2017,7,2,9,115.8705868,24.229999,0
2017,7,2,10,127.9658188,27.699999,0
2017,7,2,11,167.9302793,31.670001,0
2017,7,2,12,227.1581748,33.650001,0
2017,7,2,13,206.9620447,30.8,0
2017,7,2,14,207.0418867,49.25,0
2017,7,2,15,301.5573464,52.820001,0
2017,7,2,16,427.7332104,74.72,0
2017,7,2,17,541.6235974,82.84,0
2017,7,2,18,647.0702499,34.16,0
2017,7,2,19,762.3308966,33.789999,0
2017,7,2,20,836.1959986,32.59,0
2017,7,2,21,945.4395917,37.679999,0
2017,7,2,22,1059.215297,24.41,0
2017,7,2,23,977.3701729,23.6,0
2017,7,3,0,951.536593,22.859999,1
2017,7,3,1,900.7691047,20.83,1
2017,7,3,2,864.1510613,19.59,1
2017,7,3,3,663.3424636,18.31,1
2017,7,3,4,474.2444067,18.6,1
2017,7,3,5,287.1126689,19.599999,1
2017,7,3,6,174.9758891,20.78,1
2017,7,3,7,119.8607971,21.630001,1
2017,7,3,8,116.7115885,24.379999,1
2017,7,3,9,116.4938565,30.6,1
2017,7,3,10,128.9217137,31.129999,1
2017,7,3,11,170.4095655,32.07,1
2017,7,3,12,232.0958259,73.07,1
2017,7,3,13,214.5307482,31.79,1
2017,7,3,14,190.3613081,36.43,1
2017,7,3,15,248.6283337,40.57,1
2017,7,3,16,312.3121804,60.370001,1
2017,7,3,17,411.3222075,40.44,1
2017,7,3,18,513.6301646,33.280001,1
2017,7,3,19,627.3590955,30.530001,1
2017,7,3,20,756.8820434,30.45,1
2017,7,3,21,885.5873545,28.200001,1
2017,7,3,22,1024.113451,25.55,1
2017,7,3,23,1020.021163,23.76,1
2017,7,4,0,997.8538313,22.97,1
2017,7,4,1,983.7244624,21.589999,1
2017,7,4,2,903.1301339,20.949999,1
2017,7,4,3,693.3092727,17.63,1
2017,7,4,4,484.3266302,19.27,1
2017,7,4,5,282.3069756,19.76,1
2017,7,4,6,205.2409263,17.64,1
2017,7,4,7,147.6278811,20.16,1
2017,7,4,8,116.7115885,20.720001,1
2017,7,4,9,116.4938565,22.26,1
2017,7,4,10,128.9217137,25.72,1
2017,7,4,11,170.4095655,59.949999,1
2017,7,4,12,232.0958259,56.68,1
2017,7,4,13,214.5307482,36.51,1
2017,7,4,14,198.2311321,39.46,1
2017,7,4,15,275.2463815,34.25,1
2017,7,4,16,374.186328,32.59,1
2017,7,4,17,525.8515589,40.89,1
2017,7,4,18,595.9546034,28.11,1
2017,7,4,19,715.3877707,26.02,1
2017,7,4,20,767.3753829,24.28,1
2017,7,4,21,845.2242619,23.29,1
2017,7,4,22,937.0746723,22.57,1
2017,7,4,23,952.0090277,21,1
2017,7,5,0,920.6471144,19.51,1
2017,7,5,1,892.2146225,19.96,1
2017,7,5,2,878.8422266,17.19,1
2017,7,5,3,660.5140547,16.09,1
2017,7,5,4,485.578915,16.93,1
2017,7,5,5,333.4481382,18.479999,1
2017,7,5,6,203.1580657,21.35,1
2017,7,5,7,124.1748402,21.35,1
2017,7,5,8,116.3929942,23.36,1
2017,7,5,9,115.8705868,25.87,1
2017,7,5,10,127.9658188,28.66,1
2017,7,5,11,167.9302793,51.98,1
2017,7,5,12,227.1581748,52.38,1
2017,7,5,13,206.9620447,67.58,1
2017,7,5,14,209.8948028,41.139999,1
2017,7,5,15,303.8593781,33.76,1
2017,7,5,16,410.4511611,38.9,1
2017,7,5,17,528.606755,35.55,1
2017,7,5,18,674.1727174,34.62,1
2017,7,5,19,769.7595407,28.779999,1
2017,7,5,20,821.1336322,29.76,1
2017,7,5,21,918.4855457,28.89,1
2017,7,5,22,1058.569746,24.96,1
2017,7,5,23,1098.477977,23.62,1
2017,7,6,0,1048.751268,21.09,1
2017,7,6,1,987.0181684,20.71,1
2017,7,6,2,916.268072,20.09,1
2017,7,6,3,702.0657533,19.15,1
2017,7,6,4,498.5834463,19.369999,1
2017,7,6,5,309.0144444,21.56,1
2017,7,6,6,211.4127187,22.01,1
2017,7,6,7,123.3047718,22.93,1
2017,7,6,8,116.3929942,24.25,1
2017,7,6,9,115.8705868,25.4,1
2017,7,6,10,127.9658188,29.790001,1
2017,7,6,11,167.9302793,29.19,1
2017,7,6,12,227.1581748,31.67,1
2017,7,6,13,206.9620447,37.03,1
2017,7,6,14,182.5577452,58.91,1
2017,7,6,15,199.5797021,93.48,1
2017,7,6,16,296.1674078,34.92,1
2017,7,6,17,412.3629597,36.96,1
2017,7,6,18,535.4081448,41.679999,1
2017,7,6,19,648.6481987,36.61,1
2017,7,6,20,746.0204359,28.570001,1
2017,7,6,21,767.8233295,29.99,1
2017,7,6,22,900.4755927,24.44,1
2017,7,6,23,895.9002064,22.360001,1
2017,7,7,0,876.7611217,20.13,1
2017,7,7,1,866.8182428,20.42,1
2017,7,7,2,835.7164906,18.98,1
2017,7,7,3,646.3766528,18.489999,1
2017,7,7,4,455.1807597,18.12,1
2017,7,7,5,292.0739039,20.71,1
2017,7,7,6,192.2125276,21.45,1
2017,7,7,7,134.9754815,22.53,1
2017,7,7,8,116.3929942,22.809999,1
2017,7,7,9,115.8705868,25.72,1
2017,7,7,10,127.9658188,27.37,1
2017,7,7,11,167.9302793,44.27,1
2017,7,7,12,227.1581748,29.55,1
2017,7,7,13,206.9620447,30.819999,1
2017,7,7,14,179.8540611,30.450001,1
2017,7,7,15,179.0574819,33.09,1
2017,7,7,16,238.8062582,39.88,1
2017,7,7,17,300.2777559,42.73,1
2017,7,7,18,419.5976904,31.42,1
2017,7,7,19,391.5239906,27.66,1
2017,7,7,20,470.543223,26.86,1
2017,7,7,21,665.9701212,25.56,1
2017,7,7,22,822.1249703,22.41,1
2017,7,7,23,865.032736,19.61,1
2017,7,8,0,853.860128,19.789999,0
2017,7,8,1,833.919946,19.01,0
2017,7,8,2,800.6697517,17.92,0
2017,7,8,3,631.7501503,16.89,0
2017,7,8,4,426.4380813,16.48,0
2017,7,8,5,243.9266923,16.27,0
2017,7,8,6,157.6106304,16.42,0
2017,7,8,7,119.2515081,18.81,0
2017,7,8,8,116.3929942,20.949999,0
2017,7,8,9,115.8705868,22.12,0
2017,7,8,10,127.9658188,25.35,0
2017,7,8,11,167.9302793,26.44,0
2017,7,8,12,227.1581748,26.86,0
2017,7,8,13,206.9620447,30.54,0
2017,7,8,14,179.8540611,29.97,0
2017,7,8,15,188.8714619,30.46,0
2017,7,8,16,312.0600652,58.93,0
2017,7,8,17,417.498806,37.830001,0
2017,7,8,18,527.2462022,47.29,0
2017,7,8,19,654.0501448,37.58,0
2017,7,8,20,715.1354705,24.33,0
2017,7,8,21,771.6636093,24.47,0
2017,7,8,22,948.1431224,22.21,0
2017,7,8,23,909.5293533,20.49,0
2017,7,9,0,914.6494502,20.95,0
2017,7,9,1,885.4711054,19.67,0
2017,7,9,2,831.9533786,18.2,0
2017,7,9,3,637.6023249,17.64,0
2017,7,9,4,440.5211098,15.28,0
2017,7,9,5,274.8706039,13.84,0
2017,7,9,6,167.6892108,12.31,0
2017,7,9,7,119.2515081,17.37,0
2017,7,9,8,116.3929942,17.1,0
2017,7,9,9,115.8705868,20.64,0
2017,7,9,10,127.9658188,20.66,0
2017,7,9,11,167.9302793,22.09,0
2017,7,9,12,227.1581748,23.489999,0
2017,7,9,13,206.9620447,25.67,0
2017,7,9,14,196.5897219,26.53,0
2017,7,9,15,296.4070205,28.2,0
2017,7,9,16,420.7625483,29.880001,0
2017,7,9,17,538.2121561,36.03,0
2017,7,9,18,712.5322236,30.08,0
2017,7,9,19,801.8170291,28.48,0
2017,7,9,20,862.6321219,25.17,0
2017,7,9,21,1025.846613,24.63,0
2017,7,9,22,1080.951094,21.83,0
2017,7,9,23,988.8644429,18.46,0
2017,7,10,0,938.0622417,16.81,1
2017,7,10,1,899.1553102,15.14,1
2017,7,10,2,845.3135873,14.37,1
2017,7,10,3,666.3354819,13.719999,1
2017,7,10,4,475.8396967,14.23,1
2017,7,10,5,311.3969177,17.02,1
2017,7,10,6,168.7143623,16.71,1
2017,7,10,7,116.3247673,18.78,1
2017,7,10,8,114.8338104,19.17,1
2017,7,10,9,112.9476182,22.480001,1
2017,7,10,10,123.2877659,25.01,1
2017,7,10,11,156.0335616,25.309999,1
2017,7,10,12,203.857672,27.99,1
2017,7,10,13,170.8185189,30.39,1
2017,7,10,14,130.2908651,31.5,1
2017,7,10,15,132.0759481,48.66,1
2017,7,10,16,231.3718179,46.91,1
2017,7,10,17,346.3718547,111.63,1
2017,7,10,18,463.360478,52.61,1
2017,7,10,19,574.6881758,34.99,1
2017,7,10,20,702.4005782,36.41,1
2017,7,10,21,748.1606923,29.73,1
2017,7,10,22,801.3894058,25.64,1
2017,7,10,23,814.7415154,22.5,1
2017,7,11,0,757.5142916,19.95,1
2017,7,11,1,757.4819958,20.32,1
2017,7,11,2,753.8061201,19.22,1
2017,7,11,3,585.2316424,18.6,1
2017,7,11,4,421.9742523,18.71,1
2017,7,11,5,277.178517,20.37,1
2017,7,11,6,180.8894915,21.31,1
2017,7,11,7,116.3247673,23.36,1
2017,7,11,8,114.8338104,25.6,1
2017,7,11,9,112.9476182,26.17,1
2017,7,11,10,123.2877659,27.14,1
2017,7,11,11,156.0335616,29.54,1
2017,7,11,12,203.857672,32.7,1
2017,7,11,13,170.8185189,31.68,1
2017,7,11,14,130.2908651,38.02,1
2017,7,11,15,123.6804847,41.51,1
2017,7,11,16,125.7292226,40.46,1
2017,7,11,17,187.6941116,35.560001,1
2017,7,11,18,325.3377516,36.89,1
2017,7,11,19,488.2226544,31.83,1
2017,7,11,20,609.7590225,30.28,1
2017,7,11,21,725.7980451,31.06,1
2017,7,11,22,852.4061691,26.009999,1
2017,7,11,23,864.3255726,24.3,1
2017,7,12,0,840.1185631,22.92,1
2017,7,12,1,842.1127423,20.95,1
2017,7,12,2,842.5958715,18.999999,1
2017,7,12,3,666.8782951,18.58,1
2017,7,12,4,529.4288236,19.17,1
2017,7,12,5,388.6956945,20.95,1
2017,7,12,6,314.7258654,22.49,1
2017,7,12,7,254.7010817,22.409999,1
2017,7,12,8,228.0330322,23.289999,1
2017,7,12,9,189.412758,24.91,1
2017,7,12,10,187.6110945,26.86,1
2017,7,12,11,210.2228458,27.8,1
2017,7,12,12,286.0846643,28.64,1
2017,7,12,13,294.6697798,29.84,1
2017,7,12,14,392.3754384,33.24,1
2017,7,12,15,568.9099184,33.77,1
2017,7,12,16,625.7930442,38.73,1
2017,7,12,17,781.0552319,44.1,1
2017,7,12,18,935.037399,39.86,1
2017,7,12,19,995.9582787,40.39,1
2017,7,12,20,1027.473362,39.7,1
2017,7,12,21,1099.072258,41.52,1
2017,7,12,22,1142.161006,28.96,1
2017,7,12,23,1192.510405,25.62,1
2017,7,13,0,1126.912959,22.69,1
2017,7,13,1,1052.725839,22.72,1
2017,7,13,2,998.5908103,21.53,1
2017,7,13,3,785.25671,20.18,1
2017,7,13,4,595.2202616,20.24,1
2017,7,13,5,411.6620519,21.78,1
2017,7,13,6,301.1480623,23.34,1
2017,7,13,7,236.0847413,25.82,1
2017,7,13,8,198.8161826,26.92,1
2017,7,13,9,163.1521217,29.670001,1
2017,7,13,10,150.9757642,32,1
2017,7,13,11,156.0335616,50.56,1
2017,7,13,12,203.857672,38.6,1
2017,7,13,13,242.0464976,43.39,1
2017,7,13,14,315.3471065,54.190001,1
2017,7,13,15,534.5361782,38.21,1
2017,7,13,16,597.7782783,42.68,1
2017,7,13,17,739.2192424,37.69,1
2017,7,13,18,881.7285143,39.88,1
2017,7,13,19,1054.452779,41.62,1
2017,7,13,20,1167.241775,37.04,1
2017,7,13,21,1244.536755,32.45,1
2017,7,13,22,1365.805507,27.289999,1
2017,7,13,23,1244.900442,24.38,1
2017,7,14,0,1145.54614,22.84,1
2017,7,14,1,1088.545091,22.1,1
2017,7,14,2,985.8052542,21.33,1
2017,7,14,3,753.7619578,19.77,1
2017,7,14,4,581.4311459,20.61,1
2017,7,14,5,411.515373,22.05,1
2017,7,14,6,298.1271964,22.86,1
2017,7,14,7,234.4069778,24.769999,1
2017,7,14,8,196.9561835,26.309999,1
2017,7,14,9,150.9263009,28.19,1
2017,7,14,10,144.783003,33.59,1
2017,7,14,11,156.0335616,33.890001,1
2017,7,14,12,203.857672,49.129999,1
2017,7,14,13,233.2869172,38.89,1
2017,7,14,14,337.49884,37.64,1
2017,7,14,15,546.4529368,58.98,1
2017,7,14,16,654.2770792,30.53,1
2017,7,14,17,887.4358004,30.6,1
2017,7,14,18,969.6210071,33.62,1
2017,7,14,19,1083.033349,27.16,1
2017,7,14,20,932.632576,26.910001,1
2017,7,14,21,1146.603744,27.12,1
2017,7,14,22,1278.28638,24.12,1
2017,7,14,23,1249.230179,20.23,1
2017,7,15,0,1138.178979,21.21,0
2017,7,15,1,1033.513059,21.29,0
2017,7,15,2,955.4734252,18.77,0
2017,7,15,3,767.5293668,18.32,0
2017,7,15,4,577.393679,17.85,0
2017,7,15,5,390.6646793,17.99,0
2017,7,15,6,292.7250515,16.79,0
2017,7,15,7,230.2773159,17.900001,0
2017,7,15,8,196.6989731,20.82,0
2017,7,15,9,182.5745077,22.18,0
2017,7,15,10,167.4372082,24.86,0
2017,7,15,11,224.7013663,27.97,0
2017,7,15,12,261.774789,29.28,0
2017,7,15,13,241.2800671,30.27,0
2017,7,15,14,242.8403732,29.2,0
2017,7,15,15,324.2439359,31.43,0
2017,7,15,16,449.1123169,30.89,0
2017,7,15,17,609.555526,61.45,0
2017,7,15,18,687.5691706,31.11,0
2017,7,15,19,841.6917737,29.93,0
2017,7,15,20,927.6350687,26.17,0
2017,7,15,21,991.8128749,26.81,0
2017,7,15,22,1121.154058,23.43,0
2017,7,15,23,1074.24677,20.01,0
2017,7,16,0,983.9729483,19.49,0
2017,7,16,1,914.2673013,20.77,0
2017,7,16,2,835.7863036,16.9,0
2017,7,16,3,632.9626096,17.07,0
2017,7,16,4,449.4644478,16.81,0
2017,7,16,5,289.624641,11.38,0
2017,7,16,6,180.8557087,5.54,0
2017,7,16,7,116.3247673,16.01,0
2017,7,16,8,114.8338104,18.950001,0
2017,7,16,9,112.9476182,20.94,0
2017,7,16,10,123.2877659,22.21,0
2017,7,16,11,156.0335616,24.84,0
2017,7,16,12,203.857672,27.6,0
2017,7,16,13,170.8185189,31.66,0
2017,7,16,14,130.2908651,34.62,0
2017,7,16,15,131.9469432,40.01,0
2017,7,16,16,235.9897703,45.31,0
2017,7,16,17,371.264897,61.53,0
2017,7,16,18,514.7598589,38.13,0
2017,7,16,19,614.8442041,44.91,0
2017,7,16,20,756.0516577,28.75,0
2017,7,16,21,887.6696119,28.99,0
2017,7,16,22,999.5280329,25.2,0
2017,7,16,23,955.2451697,21.1,0
2017,7,17,0,895.7270291,21.64,1
2017,7,17,1,840.1210576,21.51,1
2017,7,17,2,745.5565146,20.65,1
2017,7,17,3,549.0545256,19.38,1
2017,7,17,4,365.0600937,19.26,1
2017,7,17,5,181.4640832,20.28,1
2017,7,17,6,135.7389206,20.75,1
2017,7,17,7,119.8607971,23.53,1
2017,7,17,8,116.7115885,25.59,1
2017,7,17,9,116.4938565,34.02,1
2017,7,17,10,128.9217137,40.03,1
2017,7,17,11,170.4095655,36.32,1
2017,7,17,12,232.0958259,57.3,1
2017,7,17,13,214.5307482,38.08,1
2017,7,17,14,190.3613081,51.59,1
2017,7,17,15,190.9379354,60.93,1
2017,7,17,16,276.2641373,52.71,1
2017,7,17,17,424.1425091,69.55,1
2017,7,17,18,541.4765871,44.32,1
2017,7,17,19,686.5113006,40.389999,1
2017,7,17,20,807.7180009,43.9,1
2017,7,17,21,996.6604798,36.63,1
2017,7,17,22,1123.501466,25.92,1
2017,7,17,23,1117.064094,23.31,1
2017,7,18,0,1032.335693,21.69,1
2017,7,18,1,957.9496831,20.56,1
2017,7,18,2,906.8086623,19.13,1
2017,7,18,3,696.0392801,18.33,1
2017,7,18,4,472.7782485,18.61,1
2017,7,18,5,295.4786512,20.89,1
2017,7,18,6,198.4217556,21.259999,1
2017,7,18,7,119.8607971,22.7,1
2017,7,18,8,116.7115885,25.05,1
2017,7,18,9,116.4938565,28.25,1
2017,7,18,10,128.9217137,29.71,1
2017,7,18,11,170.4095655,37.56,1
2017,7,18,12,232.0958259,35.67,1
2017,7,18,13,214.5307482,38.670001,1
2017,7,18,14,190.3613081,51.189999,1
2017,7,18,15,329.9736697,93.52,1
2017,7,18,16,447.7014675,111.41,1
2017,7,18,17,598.7144707,101.03,1
2017,7,18,18,755.765466,67.58,1
2017,7,18,19,908.9622873,51.48,1
2017,7,18,20,1046.370409,46.09,1
2017,7,18,21,1186.391943,48.98,1
2017,7,18,22,1304.764278,30.98,1
2017,7,18,23,1242.729337,29.45,1
2017,7,19,0,1160.154388,25.57,1
2017,7,19,1,1056.097405,23.87,1
2017,7,19,2,957.2327321,22.24,1
2017,7,19,3,737.9619932,21.23,1
2017,7,19,4,527.0000589,21.42,1
2017,7,19,5,361.8399208,22.4,1
2017,7,19,6,263.3630907,24.1,1
2017,7,19,7,167.7886327,25.33,1
2017,7,19,8,131.184925,32.22,1
2017,7,19,9,115.8705868,33.62,1
2017,7,19,10,127.9658188,36.85,1
2017,7,19,11,167.9302793,41.369999,1
2017,7,19,12,242.1154933,51.81,1
2017,7,19,13,259.8595417,52.25,1
2017,7,19,14,329.4787619,63.42,1
2017,7,19,15,500.4103703,115.62,1
2017,7,19,16,692.8255705,156.65,1
2017,7,19,17,897.5639586,59.21,1
2017,7,19,18,1059.368618,69.51,1
2017,7,19,19,1159.030875,70.86,1
2017,7,19,20,1328.885331,59.25,1
2017,7,19,21,1397.894933,70.19,1
2017,7,19,22,1499.930876,34.32,1
2017,7,19,23,1486.261195,29.75,1
2017,7,20,0,1402.034421,26.75,1
2017,7,20,1,1286.687474,22.83,1
2017,7,20,2,1219.921466,22.160001,1
2017,7,20,3,1029.545679,21.179999,1
2017,7,20,4,812.9138754,21,1
2017,7,20,5,641.7500334,22.89,1
2017,7,20,6,548.3154002,24.8,1
2017,7,20,7,455.7231002,28.59,1
2017,7,20,8,375.3204184,32.58,1
2017,7,20,9,339.5043124,33.91,1
2017,7,20,10,332.8700704,41.48,1
2017,7,20,11,359.4656534,36.99,1
2017,7,20,12,413.1922724,60.57,1
2017,7,20,13,405.4744153,67.81,1
2017,7,20,14,498.4942197,64.57,1
2017,7,20,15,632.9700641,53.7,1
2017,7,20,16,705.5107823,72.6,1
2017,7,20,17,870.3392824,86.06,1
2017,7,20,18,1012.691341,78.219999,1
2017,7,20,19,1076.710355,40.51,1
2017,7,20,20,1180.791716,39.260001,1
2017,7,20,21,1300.489308,41.29,1
2017,7,20,22,1341.218502,33.76,1
2017,7,20,23,1196.029475,30.08,1
2017,7,21,0,1027.141201,25.91,1
2017,7,21,1,948.8541916,24.47,1
2017,7,21,2,876.1600234,22.89,1
2017,7,21,3,659.5152972,21.94,1
2017,7,21,4,454.6820861,21.650001,1
2017,7,21,5,269.2669646,23.55,1
2017,7,21,6,179.4036591,24.73,1
2017,7,21,7,119.2515081,27.54,1
2017,7,21,8,116.3929942,30.040001,1
2017,7,21,9,115.8705868,29.86,1
2017,7,21,10,127.9658188,34.24,1
2017,7,21,11,167.9302793,34.44,1
2017,7,21,12,227.1581748,35.5,1
2017,7,21,13,206.9620447,51.87,1
2017,7,21,14,179.8540611,41.45,1
2017,7,21,15,240.7915318,48.81,1
2017,7,21,16,351.6659483,51.440001,1
2017,7,21,17,509.7014039,67.08,1
2017,7,21,18,632.0596745,68.6,1
2017,7,21,19,785.369257,48.15,1
2017,7,21,20,858.4564666,55.830001,1
2017,7,21,21,953.0412202,59.39,1
2017,7,21,22,1094.008062,33.74,1
2017,7,21,23,1062.558159,27.35,1
2017,7,22,0,993.2146536,24.89,0
2017,7,22,1,920.1188378,23.99,0
2017,7,22,2,853.5635675,23.670001,0
2017,7,22,3,664.69929,22.469999,0
2017,7,22,4,454.4970028,21.44,0
2017,7,22,5,263.7061521,22.07,0
2017,7,22,6,134.8179483,21.85,0
2017,7,22,7,119.2515081,23.66,0
2017,7,22,8,116.3929942,25.06,0
2017,7,22,9,115.8705868,27.24,0
2017,7,22,10,127.9658188,28.98,0
2017,7,22,11,167.9302793,43.400001,0
2017,7,22,12,227.1581748,50.72,0
2017,7,22,13,206.9620447,34.569999,0
2017,7,22,14,179.8540611,47.700001,0
2017,7,22,15,203.3635237,39.5,0
2017,7,22,16,307.1256908,41.079999,0
2017,7,22,17,430.9523683,48.18,0
2017,7,22,18,576.0137301,34.139999,0
2017,7,22,19,720.3888274,31.68,0
2017,7,22,20,841.4559148,31.87,0
2017,7,22,21,978.4672531,34.26,0
2017,7,22,22,1125.613803,27.18,0
2017,7,22,23,1085.085148,25.01,0
2017,7,23,0,1024.858243,22.86,0
2017,7,23,1,948.6290741,22.78,0
2017,7,23,2,904.1011559,22.4,0
2017,7,23,3,703.1605716,21.85,0
2017,7,23,4,511.251853,20.8,0
2017,7,23,5,326.3955403,20.26,0
2017,7,23,6,215.6001289,19.85,0
2017,7,23,7,159.1261846,21.61,0
2017,7,23,8,123.7525381,23.79,0
2017,7,23,9,115.8705868,24.74,0
2017,7,23,10,127.9658188,27.92,0
2017,7,23,11,167.9302793,31.3,0
2017,7,23,12,227.1581748,33.97,0
2017,7,23,13,206.9620447,30.4,0
2017,7,23,14,218.5352036,34.649999,0
2017,7,23,15,376.6095008,36.360001,0
2017,7,23,16,502.8607872,52.53,0
2017,7,23,17,686.2613278,29.400001,0
2017,7,23,18,850.7063064,31.680001,0
2017,7,23,19,1032.752749,32.14,0
2017,7,23,20,1157.751204,28.560001,0
2017,7,23,21,1312.330159,27.150001,0
2017,7,23,22,1418.366617,24.37,0
2017,7,23,23,1339.518349,23.3,0
2017,7,24,0,1207.538917,22.7,1
2017,7,24,1,1165.634394,21.51,1
2017,7,24,2,1071.639691,19.44,1
2017,7,24,3,887.5690115,18.46,1
2017,7,24,4,660.861394,19.28,1
2017,7,24,5,487.4374561,20.85,1
2017,7,24,6,390.9187228,23.09,1
2017,7,24,7,297.0285076,23.37,1
2017,7,24,8,269.7853537,23.96,1
2017,7,24,9,231.4880009,26.28,1
2017,7,24,10,219.8170133,26.8,1
2017,7,24,11,220.3553587,26.819999,1
2017,7,24,12,299.0461554,28.07,1
2017,7,24,13,296.6409449,29.83,1
2017,7,24,14,365.250624,36.62,1
2017,7,24,15,551.1517689,37.57,1
2017,7,24,16,657.5057484,39.01,1
2017,7,24,17,892.6574215,36.76,1
2017,7,24,18,1042.685633,29.86,1
2017,7,24,19,1134.644388,26.19,1
2017,7,24,20,1314.987323,25.28,1
2017,7,24,21,1477.004195,24.28,1
2017,7,24,22,1507.860511,22.420001,1
2017,7,24,23,1474.699949,19.89,1
2017,7,25,0,1331.360981,20.53,1
2017,7,25,1,1281.212023,20.539999,1
2017,7,25,2,1176.96624,19.48,1
2017,7,25,3,942.8183301,18.649999,1
2017,7,25,4,753.5777573,18.9,1
2017,7,25,5,548.180842,20.22,1
2017,7,25,6,428.1299203,19.51,1
2017,7,25,7,360.4512069,21.66,1
2017,7,25,8,333.0233467,22.55,1
2017,7,25,9,293.1962943,22.759999,1
2017,7,25,10,281.369362,25.309999,1
2017,7,25,11,302.6144137,27.74,1
2017,7,25,12,400.1048569,34.999999,1
2017,7,25,13,445.9685408,29.650001,1
2017,7,25,14,518.2898584,50.72,1
2017,7,25,15,711.0353199,36.269999,1
2017,7,25,16,859.1359926,55.04,1
2017,7,25,17,1052.50624,28.690001,1
2017,7,25,18,1200.647928,35.98,1
2017,7,25,19,1279.079872,33.56,1
2017,7,25,20,1379.866961,27.17,1
2017,7,25,21,1485.211017,26.360001,1
2017,7,25,22,1530.395182,21.02,1
2017,7,25,23,1510.278501,18.96,1
2017,7,26,0,1326.117098,16.4,1
2017,7,26,1,1172.824693,16.02,1
2017,7,26,2,1067.968062,17.200001,1
2017,7,26,3,837.5820083,15.050001,1
2017,7,26,4,600.8348171,16.99,1
2017,7,26,5,415.1181844,19.97,1
2017,7,26,6,288.7281561,20.35,1
2017,7,26,7,174.7629122,20.82,1
2017,7,26,8,131.3823141,20.94,1
2017,7,26,9,115.8705868,23.71,1
2017,7,26,10,127.9658188,27.03,1
2017,7,26,11,167.9302793,31.760001,1
2017,7,26,12,227.1581748,57.16,1
2017,7,26,13,206.9620447,104.48,1
2017,7,26,14,232.3535128,35.07,1
2017,7,26,15,376.6751004,74.260001,1
2017,7,26,16,535.4947223,39.660001,1
2017,7,26,17,746.9638698,36.06,1
2017,7,26,18,865.1844373,36.65,1
2017,7,26,19,1054.731586,28.36,1
2017,7,26,20,1240.120182,37.95,1
2017,7,26,21,1348.865773,48.82,1
2017,7,26,22,1442.923456,23.900001,1
2017,7,26,23,1358.863939,23.319999,1
2017,7,27,0,1219.97638,20.81,1
2017,7,27,1,1138.356001,20.17,1
2017,7,27,2,1083.12548,19.66,1
2017,7,27,3,870.0376403,18.79,1
2017,7,27,4,671.7981022,17.21,1
2017,7,27,5,496.7264754,19.509999,1
2017,7,27,6,402.3719277,20.43,1
2017,7,27,7,333.975468,21,1
2017,7,27,8,293.2119602,22.680001,1
2017,7,27,9,263.7351171,27.86,1
2017,7,27,10,269.1345946,157.31,1
2017,7,27,11,326.6767746,28.43,1
2017,7,27,12,358.9343194,28.52,1
2017,7,27,13,318.8620737,33.8,1
2017,7,27,14,257.4715993,49.23,1
2017,7,27,15,251.9135664,33.48,1
2017,7,27,16,309.824007,38.22,1
2017,7,27,17,398.5989412,31.07,1
2017,7,27,18,398.0383157,30.160001,1
2017,7,27,19,395.4861077,71.64,1
2017,7,27,20,364.4554398,28.72,1
2017,7,27,21,348.8643824,28.82,1
2017,7,27,22,320.6680532,24.450001,1
2017,7,27,23,406.3884906,22.94,1
2017,7,28,0,414.2585419,21.3,1
2017,7,28,1,475.9395509,21.5,1
2017,7,28,2,507.5994716,20.19,1
2017,7,28,3,378.1519497,19.25,1
2017,7,28,4,257.1228492,19.41,1
2017,7,28,5,169.7341039,21.53,1
2017,7,28,6,134.8179483,22.19,1
2017,7,28,7,119.2515081,23.36,1
2017,7,28,8,116.3929942,25.94,1
2017,7,28,9,115.8705868,30.31,1
2017,7,28,10,127.9658188,30.29,1
2017,7,28,11,167.9302793,30.56,1
2017,7,28,12,227.1581748,54.4,1
2017,7,28,13,206.9620447,31.93,1
2017,7,28,14,179.8540611,42.29,1
2017,7,28,15,179.0574819,34,1
2017,7,28,16,182.4157075,35.03,1
2017,7,28,17,178.9943035,36.41,1
2017,7,28,18,174.0620276,28.77,1
2017,7,28,19,259.0942901,28.18,1
2017,7,28,20,418.637823,26.93,1
2017,7,28,21,614.699898,25.57,1
2017,7,28,22,774.8782564,22.11,1
2017,7,28,23,774.4107475,20.68,1
2017,7,29,0,757.5922948,21.22,0
2017,7,29,1,743.3703104,21.28,0
2017,7,29,2,737.1928582,20.53,0
2017,7,29,3,575.7736059,18.63,0
2017,7,29,4,400.1112439,19.419999,0
2017,7,29,5,251.8456948,19.06,0
2017,7,29,6,157.8044203,18.63,0
2017,7,29,7,119.2515081,16.300001,0
2017,7,29,8,116.3929942,19.860001,0
2017,7,29,9,115.8705868,21.37,0
2017,7,29,10,127.9658188,22.58,0
2017,7,29,11,167.9302793,22.4,0
2017,7,29,12,227.1581748,22.76,0
2017,7,29,13,206.9620447,23.22,0
2017,7,29,14,179.8540611,23.7,0
2017,7,29,15,179.0574819,24.81,0
2017,7,29,16,182.4157075,25.09,0
2017,7,29,17,178.9943035,27.73,0
2017,7,29,18,174.0620276,29.229999,0
2017,7,29,19,172.1292882,25.440001,0
2017,7,29,20,177.8745555,22.97,0
2017,7,29,21,203.5175462,22.670001,0
2017,7,29,22,248.9686907,19.66,0
2017,7,29,23,275.249982,16.89,0
2017,7,30,0,312.1652896,17.459999,0
2017,7,30,1,384.3543512,19.06,0
2017,7,30,2,429.7838818,18.190001,0
2017,7,30,3,341.3960497,14.89,0
2017,7,30,4,257.1228492,16.39,0
2017,7,30,5,169.7341039,16.23,0
2017,7,30,6,145.8403472,-8.280001,0
2017,7,30,7,131.1341312,0.370001,0
2017,7,30,8,128.4405382,-0.329999,0
2017,7,30,9,127.3868305,19.539999,0
2017,7,30,10,139.7591077,19.85,0
2017,7,30,11,183.8508153,22.23,0
2017,7,30,12,256.846451,27.159999,0
2017,7,30,13,227.7486164,33.1,0
2017,7,30,14,316.3587276,58.460001,0
2017,7,30,15,522.2282688,35.68,0
2017,7,30,16,701.458891,71.83,0
2017,7,30,17,919.5428885,70.57,0
2017,7,30,18,1125.171045,61.36,0
2017,7,30,19,1242.844169,37.629999,0
2017,7,30,20,1372.182521,35.750001,0
2017,7,30,21,1470.423963,28.61,0
2017,7,30,22,1524.549526,21.72,0
2017,7,30,23,1560.411795,19.81,0
2017,7,31,0,1509.43079,18.26,1
2017,7,31,1,1334.868643,18.6,1
2017,7,31,2,1220.770348,16.79,1
2017,7,31,3,979.870248,16.559999,1
2017,7,31,4,725.1099571,16.960001,1
2017,7,31,5,549.7223305,18.6,1
2017,7,31,6,431.9184825,19.239999,1
2017,7,31,7,333.2054722,20.94,1
2017,7,31,8,276.5507111,22.52,1
2017,7,31,9,233.1633455,24.42,1
2017,7,31,10,219.80174,30.66,1
2017,7,31,11,252.1419522,31.09,1
2017,7,31,12,337.5373888,27.52,1
2017,7,31,13,360.1940816,33.34,1
2017,7,31,14,418.9340165,39.52,1
2017,7,31,15,644.4503706,58.89,1
2017,7,31,16,813.3187747,96.78,1
2017,7,31,17,992.6106631,61.26,1
2017,7,31,18,1078.483595,45.7,1
2017,7,31,19,1191.627238,52.97,1
2017,7,31,20,1360.940941,45.46,1
2017,7,31,21,1492.07349,32.9,1
2017,7,31,22,1532.343408,26.86,1
2017,7,31,23,1554.641388,23.930001,1
2018,7,1,0,712.8049202,23.96,0
2018,7,1,1,705.9212205,22.8,0
2018,7,1,2,717.612599,20.79,0
2018,7,1,3,716.2526226,19.87,0
2018,7,1,4,557.7345631,19.33,0
2018,7,1,5,385.6182557,18.9,0
2018,7,1,6,243.3971669,17.82,0
2018,7,1,7,169.1036082,19.76,0
2018,7,1,8,124.2905688,23.84,0
2018,7,1,9,116.3929942,39.94,0
2018,7,1,10,115.8705868,42.09,0
2018,7,1,11,127.9658188,45.77,0
2018,7,1,12,167.9302793,35.78,0
2018,7,1,13,227.1581748,45.41,0
2018,7,1,14,206.9620447,48.06,0
2018,7,1,15,221.4169076,43.56,0
2018,7,1,16,282.4079114,53.45,0
2018,7,1,17,373.8486057,52.1,0
2018,7,1,18,459.374567,49.46,0
2018,7,1,19,557.3869086,44.55,0
2018,7,1,20,691.4631786,36.28,0
2018,7,1,21,773.1774754,35.53,0
2018,7,1,22,773.9089041,28.37,0
2018,7,1,23,820.7338695,27.72,0
2018,7,2,0,824.2354962,28.12,1
2018,7,2,1,824.8453968,21.92,1
2018,7,2,2,818.249584,21.23,1
2018,7,2,3,789.3646602,20.49,1
2018,7,2,4,604.2765595,20.39,1
2018,7,2,5,440.3952811,20.96,1
2018,7,2,6,261.3818698,23.53,1
2018,7,2,7,178.7034053,26.07,1
2018,7,2,8,119.2515081,34.18,1
2018,7,2,9,116.3929942,78.11,1
2018,7,2,10,115.8705868,41.33,1
2018,7,2,11,127.9658188,82.04,1
2018,7,2,12,167.9302793,83.48,1
2018,7,2,13,227.1581748,57.58,1
2018,7,2,14,206.9620447,50.23,1
2018,7,2,15,207.0418867,41.85,1
2018,7,2,16,301.5573464,44.76,1
2018,7,2,17,427.7332104,41.69,1
2018,7,2,18,541.6235974,78.2,1
2018,7,2,19,647.0702499,56.38,1
2018,7,2,20,762.3308966,41.93,1
2018,7,2,21,836.1959986,32.07,1
2018,7,2,22,945.4395917,30.79,1
2018,7,2,23,1059.215297,32.51,1
2018,7,3,0,977.3701729,29.05,1
2018,7,3,1,951.536593,23.39,1
2018,7,3,2,900.7691047,19.96,1
2018,7,3,3,864.1510613,20.02,1
2018,7,3,4,663.3424636,19.91,1
2018,7,3,5,474.2444067,22.09,1
2018,7,3,6,287.1126689,25.15,1
2018,7,3,7,174.9758891,28.5,1
2018,7,3,8,119.8607971,30.77,1
2018,7,3,9,116.7115885,44.15,1
2018,7,3,10,116.4938565,53.39,1
2018,7,3,11,128.9217137,60.24,1
2018,7,3,12,170.4095655,102.53,1
2018,7,3,13,232.0958259,68.63,1
2018,7,3,14,214.5307482,63.87,1
2018,7,3,15,190.3613081,44.28,1
2018,7,3,16,248.6283337,50.7,1
2018,7,3,17,312.3121804,49.15,1
2018,7,3,18,411.3222075,37.79,1
2018,7,3,19,513.6301646,49.5,1
2018,7,3,20,627.3590955,31.22,1
2018,7,3,21,756.8820434,40.39,1
2018,7,3,22,885.5873545,27.31,1
2018,7,3,23,1024.113451,26.45,1
2018,7,4,0,1020.021163,26.21,1
2018,7,4,1,997.8538313,26.31,1
2018,7,4,2,983.7244624,23.63,1
2018,7,4,3,903.1301339,21.52,1
2018,7,4,4,693.3092727,21.06,1
2018,7,4,5,484.3266302,20.82,1
2018,7,4,6,282.3069756,20.34,1
2018,7,4,7,205.2409263,22.23,1
2018,7,4,8,147.6278811,31.91,1
2018,7,4,9,116.7115885,35.59,1
2018,7,4,10,116.4938565,58.93,1
2018,7,4,11,128.9217137,72.28,1
2018,7,4,12,170.4095655,66.18,1
2018,7,4,13,232.0958259,43.44,1
2018,7,4,14,214.5307482,38.83,1
2018,7,4,15,198.2311321,38.33,1
2018,7,4,16,275.2463815,40.57,1
2018,7,4,17,374.186328,46.73,1
2018,7,4,18,525.8515589,37.84,1
2018,7,4,19,595.9546034,53.31,1
2018,7,4,20,715.3877707,41.95,1
2018,7,4,21,767.3753829,31.88,1
2018,7,4,22,845.2242619,28.73,1
2018,7,4,23,937.0746723,27.39,1
2018,7,5,0,952.0090277,22.41,1
2018,7,5,1,920.6471144,22.48,1
2018,7,5,2,892.2146225,20.58,1
2018,7,5,3,878.8422266,20.1,1
2018,7,5,4,660.5140547,20.2,1
2018,7,5,5,485.578915,22.15,1
2018,7,5,6,333.4481382,24.97,1
2018,7,5,7,203.1580657,27.13,1
2018,7,5,8,124.1748402,39.86,1
2018,7,5,9,116.3929942,99.62,1
2018,7,5,10,115.8705868,37.47,1
2018,7,5,11,127.9658188,47.43,1
2018,7,5,12,167.9302793,69.6,1
2018,7,5,13,227.1581748,69.31,1
2018,7,5,14,206.9620447,46.47,1
2018,7,5,15,209.8948028,64.27,1
2018,7,5,16,303.8593781,78.02,1
2018,7,5,17,410.4511611,62.2,1
2018,7,5,18,528.606755,36.58,1
2018,7,5,19,674.1727174,33.9,1
2018,7,5,20,769.7595407,55.03,1
2018,7,5,21,821.1336322,65.42,1
2018,7,5,22,918.4855457,29.26,1
2018,7,5,23,1058.569746,27.46,1
2018,7,6,0,1098.477977,29.2,1
2018,7,6,1,1048.751268,26.13,1
2018,7,6,2,987.0181684,23.82,1
2018,7,6,3,916.268072,24,1
2018,7,6,4,702.0657533,23.26,1
2018,7,6,5,498.5834463,25.68,1
2018,7,6,6,309.0144444,24.59,1
2018,7,6,7,211.4127187,25.16,1
2018,7,6,8,123.3047718,26.68,1
2018,7,6,9,116.3929942,32.49,1
2018,7,6,10,115.8705868,27.16,1
2018,7,6,11,127.9658188,28.14,1
2018,7,6,12,167.9302793,34.19,1
2018,7,6,13,227.1581748,32.44,1
2018,7,6,14,206.9620447,36.09,1
2018,7,6,15,182.5577452,42.63,1
2018,7,6,16,199.5797021,38.36,1
2018,7,6,17,296.1674078,35.79,1
2018,7,6,18,412.3629597,28.37,1
2018,7,6,19,535.4081448,24.66,1
2018,7,6,20,648.6481987,21.21,1
2018,7,6,21,746.0204359,22.05,1
2018,7,6,22,767.8233295,21.35,1
2018,7,6,23,900.4755927,18.79,1
2018,7,7,0,895.9002064,18.39,0
2018,7,7,1,876.7611217,18.24,0
2018,7,7,2,866.8182428,17.43,0
2018,7,7,3,835.7164906,16.69,0
2018,7,7,4,646.3766528,14.7,0
2018,7,7,5,455.1807597,6.88,0
2018,7,7,6,292.0739039,7.43,0
2018,7,7,7,192.2125276,11.13,0
2018,7,7,8,134.9754815,18.85,0
2018,7,7,9,116.3929942,18.9,0
2018,7,7,10,115.8705868,19.82,0
2018,7,7,11,127.9658188,23.92,0
2018,7,7,12,167.9302793,22.03,0
2018,7,7,13,227.1581748,25.36,0
2018,7,7,14,206.9620447,23.61,0
2018,7,7,15,179.8540611,25.82,0
2018,7,7,16,179.0574819,46.36,0
2018,7,7,17,238.8062582,35.01,0
2018,7,7,18,300.2777559,33.89,0
2018,7,7,19,419.5976904,25.43,0
2018,7,7,20,391.5239906,21.93,0
2018,7,7,21,470.543223,21.84,0
2018,7,7,22,665.9701212,19.56,0
2018,7,7,23,822.1249703,18.67,0
2018,7,8,0,865.032736,16.62,0
2018,7,8,1,853.860128,16.03,0
2018,7,8,2,833.919946,15.49,0
2018,7,8,3,800.6697517,8.66,0
2018,7,8,4,631.7501503,11,0
2018,7,8,5,426.4380813,9.75,0
2018,7,8,6,243.9266923,-10.99,0
2018,7,8,7,157.6106304,14.33,0
2018,7,8,8,119.2515081,16.35,0
2018,7,8,9,116.3929942,18.45,0
2018,7,8,10,115.8705868,20.2,0
2018,7,8,11,127.9658188,21.35,0
2018,7,8,12,167.9302793,24.63,0
2018,7,8,13,227.1581748,27.09,0
2018,7,8,14,206.9620447,26.47,0
2018,7,8,15,179.8540611,32.72,0
2018,7,8,16,188.8714619,42.02,0
2018,7,8,17,312.0600652,56.96,0
2018,7,8,18,417.498806,61.93,0
2018,7,8,19,527.2462022,49.03,0
2018,7,8,20,654.0501448,35.5,0
2018,7,8,21,715.1354705,27.83,0
2018,7,8,22,771.6636093,24.06,0
2018,7,8,23,948.1431224,21.4,0
2018,7,9,0,909.5293533,18.8,1
2018,7,9,1,914.6494502,17.96,1
2018,7,9,2,885.4711054,17.22,1
2018,7,9,3,831.9533786,16.03,1
2018,7,9,4,637.6023249,16.57,1
2018,7,9,5,440.5211098,17.52,1
2018,7,9,6,274.8706039,17.91,1
2018,7,9,7,167.6892108,19.05,1
2018,7,9,8,119.2515081,21.21,1
2018,7,9,9,116.3929942,25.24,1
2018,7,9,10,115.8705868,47.94,1
2018,7,9,11,127.9658188,24.35,1
2018,7,9,12,167.9302793,29.21,1
2018,7,9,13,227.1581748,37.11,1
2018,7,9,14,206.9620447,45.54,1
2018,7,9,15,196.5897219,69.17,1
2018,7,9,16,296.4070205,75.06,1
2018,7,9,17,420.7625483,89.49,1
2018,7,9,18,538.2121561,62.21,1
2018,7,9,19,712.5322236,36.59,1
2018,7,9,20,801.8170291,28.71,1
2018,7,9,21,862.6321219,29.38,1
2018,7,9,22,1025.846613,24.38,1
2018,7,9,23,1080.951094,24.86,1
2018,7,10,0,988.8644429,19.65,1
2018,7,10,1,938.0622417,19.11,1
2018,7,10,2,899.1553102,18.31,1
2018,7,10,3,845.3135873,17.15,1
2018,7,10,4,666.3354819,17.45,1
2018,7,10,5,475.8396967,18.7,1
2018,7,10,6,311.3969177,19.39,1
2018,7,10,7,168.7143623,20.97,1
2018,7,10,8,116.3247673,28.75,1
2018,7,10,9,114.8338104,34.74,1
2018,7,10,10,112.9476182,52.25,1
2018,7,10,11,123.2877659,34.13,1
2018,7,10,12,156.0335616,38.11,1
2018,7,10,13,203.857672,40.78,1
2018,7,10,14,170.8185189,52.84,1
2018,7,10,15,130.2908651,110.44,1
2018,7,10,16,132.0759481,44.7,1
2018,7,10,17,231.3718179,67.98,1
2018,7,10,18,346.3718547,53.66,1
2018,7,10,19,463.360478,40.78,1
2018,7,10,20,574.6881758,39.84,1
2018,7,10,21,702.4005782,37.24,1
2018,7,10,22,748.1606923,29.92,1
2018,7,10,23,801.3894058,26.35,1
2018,7,11,0,814.7415154,23.53,1
2018,7,11,1,757.5142916,22.66,1
2018,7,11,2,757.4819958,20.46,1
2018,7,11,3,753.8061201,19.77,1
2018,7,11,4,585.2316424,19.82,1
2018,7,11,5,421.9742523,21.03,1
2018,7,11,6,277.178517,24.17,1
2018,7,11,7,180.8894915,68.48,1
2018,7,11,8,116.3247673,26.96,1
2018,7,11,9,114.8338104,27.26,1
2018,7,11,10,112.9476182,31.44,1
2018,7,11,11,123.2877659,31.05,1
2018,7,11,12,156.0335616,34.47,1
2018,7,11,13,203.857672,32.35,1
2018,7,11,14,170.8185189,102.56,1
2018,7,11,15,130.2908651,55.66,1
2018,7,11,16,123.6804847,43.9,1
2018,7,11,17,125.7292226,49.2,1
2018,7,11,18,187.6941116,57.3,1
2018,7,11,19,325.3377516,30.25,1
2018,7,11,20,488.2226544,29.31,1
2018,7,11,21,609.7590225,30.92,1
2018,7,11,22,725.7980451,26.1,1
2018,7,11,23,852.4061691,24.87,1
2018,7,12,0,864.3255726,23.15,1
2018,7,12,1,840.1185631,21.09,1
2018,7,12,2,842.1127423,19.65,1
2018,7,12,3,842.5958715,18.93,1
2018,7,12,4,666.8782951,18.75,1
2018,7,12,5,529.4288236,19.57,1
2018,7,12,6,388.6956945,20.83,1
2018,7,12,7,314.7258654,24.12,1
2018,7,12,8,254.7010817,25.86,1
2018,7,12,9,228.0330322,29.12,1
2018,7,12,10,189.412758,33.69,1
2018,7,12,11,187.6110945,34.62,1
2018,7,12,12,210.2228458,35.6,1
2018,7,12,13,286.0846643,37.37,1
2018,7,12,14,294.6697798,41.02,1
2018,7,12,15,392.3754384,39.79,1
2018,7,12,16,568.9099184,39.05,1
2018,7,12,17,625.7930442,42.66,1
2018,7,12,18,781.0552319,35.37,1
2018,7,12,19,935.037399,34.1,1
2018,7,12,20,995.9582787,35.62,1
2018,7,12,21,1027.473362,32.81,1
2018,7,12,22,1099.072258,29.05,1
2018,7,12,23,1142.161006,25.03,1
2018,7,13,0,1192.510405,21.87,1
2018,7,13,1,1126.912959,20.84,1
2018,7,13,2,1052.725839,19.74,1
2018,7,13,3,998.5908103,18.89,1
2018,7,13,4,785.25671,18.64,1
2018,7,13,5,595.2202616,19.85,1
2018,7,13,6,411.6620519,21.07,1
2018,7,13,7,301.1480623,23.2,1
2018,7,13,8,236.0847413,25.42,1
2018,7,13,9,198.8161826,31.39,1
2018,7,13,10,163.1521217,42.54,1
2018,7,13,11,150.9757642,29.53,1
2018,7,13,12,156.0335616,37.42,1
2018,7,13,13,203.857672,34.72,1
2018,7,13,14,242.0464976,41.95,1
2018,7,13,15,315.3471065,50.88,1
2018,7,13,16,534.5361782,55.23,1
2018,7,13,17,597.7782783,59.36,1
2018,7,13,18,739.2192424,47.77,1
2018,7,13,19,881.7285143,33.18,1
2018,7,13,20,1054.452779,33.45,1
2018,7,13,21,1167.241775,31.53,1
2018,7,13,22,1244.536755,32.31,1
2018,7,13,23,1365.805507,26.52,1
2018,7,14,0,1244.900442,22.67,0
2018,7,14,1,1145.54614,21.52,0
2018,7,14,2,1088.545091,19.78,0
2018,7,14,3,985.8052542,19,0
2018,7,14,4,753.7619578,18.92,0
2018,7,14,5,581.4311459,18.97,0
2018,7,14,6,411.515373,18.55,0
2018,7,14,7,298.1271964,20.04,0
2018,7,14,8,234.4069778,20.94,0
2018,7,14,9,196.9561835,26.71,0
2018,7,14,10,150.9263009,27.72,0
2018,7,14,11,144.783003,38.96,0
2018,7,14,12,156.0335616,26.44,0
2018,7,14,13,203.857672,28.8,0
2018,7,14,14,233.2869172,35.39,0
2018,7,14,15,337.49884,37.1,0
2018,7,14,16,546.4529368,60.69,0
2018,7,14,17,654.2770792,67.1,0
2018,7,14,18,887.4358004,67.17,0
2018,7,14,19,969.6210071,42.56,0
2018,7,14,20,1083.033349,36.9,0
2018,7,14,21,932.632576,42.95,0
2018,7,14,22,1146.603744,31.46,0
2018,7,14,23,1278.28638,24.41,0
2018,7,15,0,1249.230179,25.27,0
2018,7,15,1,1138.178979,22.67,0
2018,7,15,2,1033.513059,21.15,0
2018,7,15,3,955.4734252,19.52,0
2018,7,15,4,767.5293668,18.85,0
2018,7,15,5,577.393679,18.24,0
2018,7,15,6,390.6646793,18.23,0
2018,7,15,7,292.7250515,18.42,0
2018,7,15,8,230.2773159,20.06,0
2018,7,15,9,196.6989731,24.07,0
2018,7,15,10,182.5745077,26.67,0
2018,7,15,11,167.4372082,28.8,0
2018,7,15,12,224.7013663,25.88,0
2018,7,15,13,261.774789,25.94,0
2018,7,15,14,241.2800671,28.53,0
2018,7,15,15,242.8403732,32,0
2018,7,15,16,324.2439359,45.67,0
2018,7,15,17,449.1123169,34.57,0
2018,7,15,18,609.555526,32.54,0
2018,7,15,19,687.5691706,38.7,0
2018,7,15,20,841.6917737,32.61,0
2018,7,15,21,927.6350687,36.77,0
2018,7,15,22,991.8128749,27.98,0
2018,7,15,23,1121.154058,25.16,0
2018,7,16,0,1074.24677,22.96,1
2018,7,16,1,983.9729483,22.21,1
2018,7,16,2,914.2673013,20.24,1
2018,7,16,3,835.7863036,19.77,1
2018,7,16,4,632.9626096,19.9,1
2018,7,16,5,449.4644478,22.13,1
2018,7,16,6,289.624641,23.58,1
2018,7,16,7,180.8557087,25.9,1
2018,7,16,8,116.3247673,29.06,1
2018,7,16,9,114.8338104,39.1,1
2018,7,16,10,112.9476182,42.29,1
2018,7,16,11,123.2877659,36.11,1
2018,7,16,12,156.0335616,60.96,1
2018,7,16,13,203.857672,42.52,1
2018,7,16,14,170.8185189,68.49,1
2018,7,16,15,130.2908651,44.16,1
2018,7,16,16,131.9469432,46.23,1
2018,7,16,17,235.9897703,41.59,1
2018,7,16,18,371.264897,42.82,1
2018,7,16,19,514.7598589,39.03,1
2018,7,16,20,614.8442041,34.58,1
2018,7,16,21,756.0516577,34.78,1
2018,7,16,22,887.6696119,33.29,1
2018,7,16,23,999.5280329,30.53,1
2018,7,17,0,955.2451697,24.6,1
2018,7,17,1,895.7270291,24.05,1
2018,7,17,2,840.1210576,22.33,1
2018,7,17,3,745.5565146,20.97,1
2018,7,17,4,549.0545256,21.27,1
2018,7,17,5,365.0600937,24.25,1
2018,7,17,6,181.4640832,25.04,1
2018,7,17,7,135.7389206,27.62,1
2018,7,17,8,119.8607971,29.61,1
2018,7,17,9,116.7115885,34.28,1
2018,7,17,10,116.4938565,46.91,1
2018,7,17,11,128.9217137,35.67,1
2018,7,17,12,170.4095655,44.82,1
2018,7,17,13,232.0958259,38.42,1
2018,7,17,14,214.5307482,31.86,1
2018,7,17,15,190.3613081,32.7,1
2018,7,17,16,190.9379354,49.7,1
2018,7,17,17,276.2641373,57.2,1
2018,7,17,18,424.1425091,55.68,1
2018,7,17,19,541.4765871,30.8,1
2018,7,17,20,686.5113006,29.48,1
2018,7,17,21,807.7180009,29.28,1
2018,7,17,22,996.6604798,24.08,1
2018,7,17,23,1123.501466,21.91,1
2018,7,18,0,1117.064094,21.35,1
2018,7,18,1,1032.335693,20.72,1
2018,7,18,2,957.9496831,19.1,1
2018,7,18,3,906.8086623,18.35,1
2018,7,18,4,696.0392801,18.37,1
2018,7,18,5,472.7782485,19.67,1
2018,7,18,6,295.4786512,20.48,1
2018,7,18,7,198.4217556,21.56,1
2018,7,18,8,119.8607971,22.09,1
2018,7,18,9,116.7115885,25.21,1
2018,7,18,10,116.4938565,27.56,1
2018,7,18,11,128.9217137,34.65,1
2018,7,18,12,170.4095655,26.67,1
2018,7,18,13,232.0958259,27.14,1
2018,7,18,14,214.5307482,31.14,1
2018,7,18,15,190.3613081,35.01,1
2018,7,18,16,329.9736697,42.41,1
2018,7,18,17,447.7014675,42.31,1
2018,7,18,18,598.7144707,37.96,1
2018,7,18,19,755.765466,45.73,1
2018,7,18,20,908.9622873,33.45,1
2018,7,18,21,1046.370409,33.38,1
2018,7,18,22,1186.391943,23.48,1
2018,7,18,23,1304.764278,22.19,1
2018,7,19,0,1242.729337,20.05,1
2018,7,19,1,1160.154388,19.46,1
2018,7,19,2,1056.097405,19.28,1
2018,7,19,3,957.2327321,18.6,1
2018,7,19,4,737.9619932,18.66,1
2018,7,19,5,527.0000589,21.14,1
2018,7,19,6,361.8399208,22.04,1
2018,7,19,7,263.3630907,23.28,1
2018,7,19,8,167.7886327,23.59,1
2018,7,19,9,131.184925,27.07,1
2018,7,19,10,115.8705868,28.28,1
2018,7,19,11,127.9658188,28.05,1
2018,7,19,12,167.9302793,30.34,1
2018,7,19,13,242.1154933,28.86,1
2018,7,19,14,259.8595417,44.02,1
2018,7,19,15,329.4787619,71.61,1
2018,7,19,16,500.4103703,32.97,1
2018,7,19,17,692.8255705,43.03,1
2018,7,19,18,897.5639586,36.45,1
2018,7,19,19,1059.368618,32.45,1
2018,7,19,20,1159.030875,39.45,1
2018,7,19,21,1328.885331,40.22,1
2018,7,19,22,1397.894933,33.03,1
2018,7,19,23,1499.930876,23.42,1
2018,7,20,0,1486.261195,20.66,1
2018,7,20,1,1402.034421,20.57,1
2018,7,20,2,1286.687474,19.18,1
2018,7,20,3,1219.921466,18.52,1
2018,7,20,4,1029.545679,18.86,1
2018,7,20,5,812.9138754,20.28,1
2018,7,20,6,641.7500334,23.1,1
2018,7,20,7,548.3154002,25.51,1
2018,7,20,8,455.7231002,27.77,1
2018,7,20,9,375.3204184,42.93,1
2018,7,20,10,339.5043124,25.91,1
2018,7,20,11,332.8700704,31.96,1
2018,7,20,12,359.4656534,27.04,1
2018,7,20,13,413.1922724,30.02,1
2018,7,20,14,405.4744153,32.58,1
2018,7,20,15,498.4942197,29.37,1
2018,7,20,16,632.9700641,29.45,1
2018,7,20,17,705.5107823,29.01,1
2018,7,20,18,870.3392824,26.9,1
2018,7,20,19,1012.691341,24.15,1
2018,7,20,20,1076.710355,24.7,1
2018,7,20,21,1180.791716,25.05,1
2018,7,20,22,1300.489308,22.3,1
2018,7,20,23,1341.218502,21.06,1
2018,7,21,0,1196.029475,21.88,0
2018,7,21,1,1027.141201,20.41,0
2018,7,21,2,948.8541916,19.46,0
2018,7,21,3,876.1600234,18.35,0
2018,7,21,4,659.5152972,18.31,0
2018,7,21,5,454.6820861,18.94,0
2018,7,21,6,269.2669646,18.69,0
2018,7,21,7,179.4036591,20.39,0
2018,7,21,8,119.2515081,21.63,0
2018,7,21,9,116.3929942,25.75,0
2018,7,21,10,115.8705868,22.98,0
2018,7,21,11,127.9658188,25.41,0
2018,7,21,12,167.9302793,24.36,0
2018,7,21,13,227.1581748,21.88,0
2018,7,21,14,206.9620447,21.98,0
2018,7,21,15,179.8540611,23.17,0
2018,7,21,16,240.7915318,22.95,0
2018,7,21,17,351.6659483,27.06,0
2018,7,21,18,509.7014039,31.04,0
2018,7,21,19,632.0596745,23.45,0
2018,7,21,20,785.369257,24.26,0
2018,7,21,21,858.4564666,23.18,0
2018,7,21,22,953.0412202,20.24,0
2018,7,21,23,1094.008062,18.84,0
2018,7,22,0,1062.558159,19.22,0
2018,7,22,1,993.2146536,19.54,0
2018,7,22,2,920.1188378,18.59,0
2018,7,22,3,853.5635675,18.25,0
2018,7,22,4,664.69929,17.93,0
2018,7,22,5,454.4970028,18.05,0
2018,7,22,6,263.7061521,18.09,0
2018,7,22,7,134.8179483,17.33,0
2018,7,22,8,119.2515081,18.62,0
2018,7,22,9,116.3929942,19.44,0
2018,7,22,10,115.8705868,19.83,0
2018,7,22,11,127.9658188,21.61,0
2018,7,22,12,167.9302793,26.2,0
2018,7,22,13,227.1581748,26.43,0
2018,7,22,14,206.9620447,27.25,0
2018,7,22,15,179.8540611,28.45,0
2018,7,22,16,203.3635237,37.78,0
2018,7,22,17,307.1256908,38.03,0
2018,7,22,18,430.9523683,36.93,0
2018,7,22,19,576.0137301,25.6,0
2018,7,22,20,720.3888274,33.66,0
2018,7,22,21,841.4559148,36.56,0
2018,7,22,22,978.4672531,22.97,0
2018,7,22,23,1125.613803,22.75,0
2018,7,23,0,1085.085148,19.84,1
2018,7,23,1,1024.858243,19.99,1
2018,7,23,2,948.6290741,19.37,1
2018,7,23,3,904.1011559,19.35,1
2018,7,23,4,703.1605716,19.62,1
2018,7,23,5,511.251853,20.56,1
2018,7,23,6,326.3955403,24.01,1
2018,7,23,7,215.6001289,22.55,1
2018,7,23,8,159.1261846,33.68,1
2018,7,23,9,123.7525381,58.8,1
2018,7,23,10,115.8705868,86.11,1
2018,7,23,11,127.9658188,34.94,1
2018,7,23,12,167.9302793,30.51,1
2018,7,23,13,227.1581748,40.85,1
2018,7,23,14,206.9620447,40.95,1
2018,7,23,15,218.5352036,93.73,1
2018,7,23,16,376.6095008,39.58,1
2018,7,23,17,502.8607872,35.58,1
2018,7,23,18,686.2613278,33.29,1
2018,7,23,19,850.7063064,33.25,1
2018,7,23,20,1032.752749,67.52,1
2018,7,23,21,1157.751204,31.58,1
2018,7,23,22,1312.330159,31.39,1
2018,7,23,23,1418.366617,25.29,1
2018,7,24,0,1339.518349,23.68,1
2018,7,24,1,1207.538917,22.8,1
2018,7,24,2,1165.634394,20.76,1
2018,7,24,3,1071.639691,19.68,1
2018,7,24,4,887.5690115,20.31,1
2018,7,24,5,660.861394,25.5,1
2018,7,24,6,487.4374561,25.29,1
2018,7,24,7,390.9187228,25.91,1
2018,7,24,8,297.0285076,29.96,1
2018,7,24,9,269.7853537,43.29,1
2018,7,24,10,231.4880009,35.12,1
2018,7,24,11,219.8170133,52.85,1
2018,7,24,12,220.3553587,36.49,1
2018,7,24,13,299.0461554,41.99,1
2018,7,24,14,296.6409449,40.25,1
2018,7,24,15,365.250624,34.53,1
2018,7,24,16,551.1517689,69.99,1
2018,7,24,17,657.5057484,40.17,1
2018,7,24,18,892.6574215,44.96,1
2018,7,24,19,1042.685633,38.81,1
2018,7,24,20,1134.644388,40.3,1
2018,7,24,21,1314.987323,45.08,1
2018,7,24,22,1477.004195,29.37,1
2018,7,24,23,1507.860511,26.24,1
2018,7,25,0,1474.699949,22.48,1
2018,7,25,1,1331.360981,21.78,1
2018,7,25,2,1281.212023,20.82,1
2018,7,25,3,1176.96624,20.03,1
2018,7,25,4,942.8183301,20.05,1
2018,7,25,5,753.5777573,22.82,1
2018,7,25,6,548.180842,24.13,1
2018,7,25,7,428.1299203,26.86,1
2018,7,25,8,360.4512069,29.66,1
2018,7,25,9,333.0233467,42.98,1
2018,7,25,10,293.1962943,27.73,1
2018,7,25,11,281.369362,31.32,1
2018,7,25,12,302.6144137,36.04,1
2018,7,25,13,400.1048569,46.16,1
2018,7,25,14,445.9685408,38.13,1
2018,7,25,15,518.2898584,34.25,1
2018,7,25,16,711.0353199,33.03,1
2018,7,25,17,859.1359926,32.76,1
2018,7,25,18,1052.50624,31.97,1
2018,7,25,19,1200.647928,34.1,1
2018,7,25,20,1279.079872,33.92,1
2018,7,25,21,1379.866961,33.91,1
2018,7,25,22,1485.211017,28.56,1
2018,7,25,23,1530.395182,25.12,1
2018,7,26,0,1510.278501,22.36,1
2018,7,26,1,1326.117098,21.02,1
2018,7,26,2,1172.824693,19.31,1
2018,7,26,3,1067.968062,18.83,1
2018,7,26,4,837.5820083,18.76,1
2018,7,26,5,600.8348171,19.88,1
2018,7,26,6,415.1181844,20.34,1
2018,7,26,7,288.7281561,20.88,1
2018,7,26,8,174.7629122,24.86,1
2018,7,26,9,131.3823141,26.1,1
2018,7,26,10,115.8705868,34.85,1
2018,7,26,11,127.9658188,28.61,1
2018,7,26,12,167.9302793,30.6,1
2018,7,26,13,227.1581748,37.15,1
2018,7,26,14,206.9620447,35.66,1
2018,7,26,15,232.3535128,37.46,1
2018,7,26,16,376.6751004,60.72,1
2018,7,26,17,535.4947223,36.54,1
2018,7,26,18,746.9638698,35.04,1
2018,7,26,19,865.1844373,32.92,1
2018,7,26,20,1054.731586,39.44,1
2018,7,26,21,1240.120182,40.35,1
2018,7,26,22,1348.865773,31.39,1
2018,7,26,23,1442.923456,23.61,1
2018,7,27,0,1358.863939,20.77,1
2018,7,27,1,1219.97638,19.59,1
2018,7,27,2,1138.356001,19.07,1
2018,7,27,3,1083.12548,18.38,1
2018,7,27,4,870.0376403,18.33,1
2018,7,27,5,671.7981022,19.73,1
2018,7,27,6,496.7264754,20.52,1
2018,7,27,7,402.3719277,21.08,1
2018,7,27,8,333.975468,23.14,1
2018,7,27,9,293.2119602,24.58,1
2018,7,27,10,263.7351171,28.63,1
2018,7,27,11,269.1345946,35.13,1
2018,7,27,12,326.6767746,29.87,1
2018,7,27,13,358.9343194,31.53,1
2018,7,27,14,318.8620737,31.85,1
2018,7,27,15,257.4715993,31.37,1
2018,7,27,16,251.9135664,32.77,1
2018,7,27,17,309.824007,29.61,1
2018,7,27,18,398.5989412,25.12,1
2018,7,27,19,398.0383157,25.42,1
2018,7,27,20,395.4861077,24.79,1
2018,7,27,21,364.4554398,22.5,1
2018,7,27,22,348.8643824,22.25,1
2018,7,27,23,320.6680532,20.86,1
2018,7,28,0,406.3884906,20.14,0
2018,7,28,1,414.2585419,19.76,0
2018,7,28,2,475.9395509,19.43,0
2018,7,28,3,507.5994716,18.51,0
2018,7,28,4,378.1519497,18.28,0
2018,7,28,5,257.1228492,18.7,0
2018,7,28,6,169.7341039,19.07,0
2018,7,28,7,134.8179483,19.72,0
2018,7,28,8,119.2515081,21.08,0
2018,7,28,9,116.3929942,22.1,0
2018,7,28,10,115.8705868,26.96,0
2018,7,28,11,127.9658188,28.51,0
2018,7,28,12,167.9302793,29.68,0
2018,7,28,13,227.1581748,28.27,0
2018,7,28,14,206.9620447,37.51,0
2018,7,28,15,179.8540611,40.42,0
2018,7,28,16,179.0574819,35.81,0
2018,7,28,17,182.4157075,36.24,0
2018,7,28,18,178.9943035,44.07,0
2018,7,28,19,174.0620276,27.25,0
2018,7,28,20,259.0942901,27.99,0
2018,7,28,21,418.637823,24.54,0
2018,7,28,22,614.699898,22.47,0
2018,7,28,23,774.8782564,20.81,0
2018,7,29,0,774.4107475,20.53,0
2018,7,29,1,757.5922948,20.16,0
2018,7,29,2,743.3703104,18.79,0
2018,7,29,3,737.1928582,18.13,0
2018,7,29,4,575.7736059,17.9,0
2018,7,29,5,400.1112439,17.82,0
2018,7,29,6,251.8456948,17.47,0
2018,7,29,7,157.8044203,17.62,0
2018,7,29,8,119.2515081,18.95,0
2018,7,29,9,116.3929942,19.24,0
2018,7,29,10,115.8705868,20.72,0
2018,7,29,11,127.9658188,22.56,0
2018,7,29,12,167.9302793,23.65,0
2018,7,29,13,227.1581748,26.89,0
2018,7,29,14,206.9620447,25.89,0
2018,7,29,15,179.8540611,28.42,0
2018,7,29,16,179.0574819,37.42,0
2018,7,29,17,182.4157075,34.44,0
2018,7,29,18,178.9943035,34.62,0
2018,7,29,19,174.0620276,25.07,0
2018,7,29,20,172.1292882,26.93,0
2018,7,29,21,177.8745555,27.14,0
2018,7,29,22,203.5175462,23.78,0
2018,7,29,23,248.9686907,21.94,0
2018,7,30,0,275.249982,20.25,1
2018,7,30,1,312.1652896,19.94,1
2018,7,30,2,384.3543512,18.56,1
2018,7,30,3,429.7838818,18.45,1
2018,7,30,4,341.3960497,18.89,1
2018,7,30,5,257.1228492,19.28,1
2018,7,30,6,169.7341039,20.79,1
2018,7,30,7,145.8403472,21.39,1
2018,7,30,8,131.1341312,22.84,1
2018,7,30,9,128.4405382,25.49,1
2018,7,30,10,127.3868305,26.94,1
2018,7,30,11,139.7591077,27.1,1
2018,7,30,12,183.8508153,26.03,1
2018,7,30,13,256.846451,32.86,1
2018,7,30,14,227.7486164,37.94,1
2018,7,30,15,316.3587276,28.82,1
2018,7,30,16,522.2282688,32.82,1
2018,7,30,17,701.458891,28.37,1
2018,7,30,18,919.5428885,28.27,1
2018,7,30,19,1125.171045,25.23,1
2018,7,30,20,1242.844169,28.17,1
2018,7,30,21,1372.182521,24.56,1
2018,7,30,22,1470.423963,22.03,1
2018,7,30,23,1524.549526,20.44,1
